USE BT2_QuanLyHocSinh
GO
/****** Object:  Table [dbo].[DIEM]    Script Date: 27/04/2021 3:22:41 CH ******/
SET ANSI_NULLS ON
GO
SET QUOTED_IDENTIFIER ON
GO
CREATE TABLE [dbo].[DIEM](
	[MAHS] [nvarchar](5) NOT NULL,
	[TOAN] [float] NULL,
	[LY] [float] NULL,
	[HOA] [float] NULL,
	[VAN] [float] NULL,
	[DTB] [float] NULL,
	[XEPLOAI] [nchar](10) NULL,
 CONSTRAINT [PK_DIEM] PRIMARY KEY CLUSTERED 
(
	[MAHS] ASC
)WITH (PAD_INDEX = OFF, STATISTICS_NORECOMPUTE = OFF, IGNORE_DUP_KEY = OFF, ALLOW_ROW_LOCKS = ON, ALLOW_PAGE_LOCKS = ON) ON [PRIMARY]
) ON [PRIMARY]
GO
/****** Object:  Table [dbo].[DSHS]    Script Date: 27/04/2021 3:22:41 CH ******/
SET ANSI_NULLS ON
GO
SET QUOTED_IDENTIFIER ON
GO
CREATE TABLE [dbo].[DSHS](
	[MAHS] [nvarchar](5) NOT NULL,
	[HO] [nvarchar](15) NULL,
	[TEN] [nvarchar](7) NULL,
	[NU] [bit] NOT NULL,
	[NGAYSINH] [datetime] NULL,
	[MALOP] [nvarchar](4) NULL,
	[GHICHU] [nvarchar](50) NULL,
	[XEPLOAI] [nvarchar](50) NULL,
 CONSTRAINT [PK_DSHS] PRIMARY KEY CLUSTERED 
(
	[MAHS] ASC
)WITH (PAD_INDEX = OFF, STATISTICS_NORECOMPUTE = OFF, IGNORE_DUP_KEY = OFF, ALLOW_ROW_LOCKS = ON, ALLOW_PAGE_LOCKS = ON) ON [PRIMARY]
) ON [PRIMARY]
GO
/****** Object:  Table [dbo].[LOP]    Script Date: 27/04/2021 3:22:41 CH ******/
SET ANSI_NULLS ON
GO
SET QUOTED_IDENTIFIER ON
GO
CREATE TABLE [dbo].[LOP](
	[MALOP] [nvarchar](4) NOT NULL,
	[GVCN] [nvarchar](25) NULL,
 CONSTRAINT [PK_LOP] PRIMARY KEY CLUSTERED 
(
	[MALOP] ASC
)WITH (PAD_INDEX = OFF, STATISTICS_NORECOMPUTE = OFF, IGNORE_DUP_KEY = OFF, ALLOW_ROW_LOCKS = ON, ALLOW_PAGE_LOCKS = ON) ON [PRIMARY]
) ON [PRIMARY]
GO
INSERT [dbo].[DIEM] ([MAHS], [TOAN], [LY], [HOA], [VAN], [DTB], [XEPLOAI]) VALUES (N'00001', 3, 5, 1, 5, 3.67, N'DUP       ')
INSERT [dbo].[DIEM] ([MAHS], [TOAN], [LY], [HOA], [VAN], [DTB], [XEPLOAI]) VALUES (N'00008', 10, 10, 5, 7, 8.17, NULL)
INSERT [dbo].[DIEM] ([MAHS], [TOAN], [LY], [HOA], [VAN], [DTB], [XEPLOAI]) VALUES (N'00013', 7, 8, 5, 5.5, 6.33, NULL)
INSERT [dbo].[DIEM] ([MAHS], [TOAN], [LY], [HOA], [VAN], [DTB], [XEPLOAI]) VALUES (N'00014', 8.5, 0, 4.5, 10, NULL, NULL)
INSERT [dbo].[DIEM] ([MAHS], [TOAN], [LY], [HOA], [VAN], [DTB], [XEPLOAI]) VALUES (N'00019', 10, 10, 10, 10, NULL, NULL)
INSERT [dbo].[DIEM] ([MAHS], [TOAN], [LY], [HOA], [VAN], [DTB], [XEPLOAI]) VALUES (N'00020', 8, 6, 4.5, 4.5, NULL, NULL)
INSERT [dbo].[DIEM] ([MAHS], [TOAN], [LY], [HOA], [VAN], [DTB], [XEPLOAI]) VALUES (N'00025', 5, 8, 4.5, 4.5, NULL, NULL)
INSERT [dbo].[DIEM] ([MAHS], [TOAN], [LY], [HOA], [VAN], [DTB], [XEPLOAI]) VALUES (N'00026', 8, 5.5, 8, 10, 7.875, NULL)
INSERT [dbo].[DIEM] ([MAHS], [TOAN], [LY], [HOA], [VAN], [DTB], [XEPLOAI]) VALUES (N'00031', 4, 5.5, 5.5, 8.5, NULL, NULL)
INSERT [dbo].[DIEM] ([MAHS], [TOAN], [LY], [HOA], [VAN], [DTB], [XEPLOAI]) VALUES (N'00032', 10, 10, 10, 10, NULL, NULL)
INSERT [dbo].[DIEM] ([MAHS], [TOAN], [LY], [HOA], [VAN], [DTB], [XEPLOAI]) VALUES (N'00037', 7, 8, 2, 6.5, NULL, NULL)
INSERT [dbo].[DIEM] ([MAHS], [TOAN], [LY], [HOA], [VAN], [DTB], [XEPLOAI]) VALUES (N'00038', 4.5, 6.5, 4.5, 4, NULL, NULL)
INSERT [dbo].[DIEM] ([MAHS], [TOAN], [LY], [HOA], [VAN], [DTB], [XEPLOAI]) VALUES (N'00043', 10, 10, 10, 10, NULL, NULL)
INSERT [dbo].[DIEM] ([MAHS], [TOAN], [LY], [HOA], [VAN], [DTB], [XEPLOAI]) VALUES (N'00044', 6, 7.5, 7, 10, NULL, NULL)
INSERT [dbo].[DIEM] ([MAHS], [TOAN], [LY], [HOA], [VAN], [DTB], [XEPLOAI]) VALUES (N'00049', 10, 10, 10, 10, NULL, NULL)
INSERT [dbo].[DIEM] ([MAHS], [TOAN], [LY], [HOA], [VAN], [DTB], [XEPLOAI]) VALUES (N'00053', 10, 10, 10, 6, NULL, NULL)
INSERT [dbo].[DIEM] ([MAHS], [TOAN], [LY], [HOA], [VAN], [DTB], [XEPLOAI]) VALUES (N'00054', 4.5, 4.5, 4.5, 9, NULL, NULL)
INSERT [dbo].[DIEM] ([MAHS], [TOAN], [LY], [HOA], [VAN], [DTB], [XEPLOAI]) VALUES (N'00059', 5, 10, 8, 9, NULL, NULL)
INSERT [dbo].[DIEM] ([MAHS], [TOAN], [LY], [HOA], [VAN], [DTB], [XEPLOAI]) VALUES (N'00060', 2.5, 4, 4.5, 8.5, NULL, NULL)
INSERT [dbo].[DIEM] ([MAHS], [TOAN], [LY], [HOA], [VAN], [DTB], [XEPLOAI]) VALUES (N'00066', 6.5, 9.5, 9, 6.5, NULL, NULL)
INSERT [dbo].[DIEM] ([MAHS], [TOAN], [LY], [HOA], [VAN], [DTB], [XEPLOAI]) VALUES (N'00067', 6.5, 8, 8.5, 10, NULL, NULL)
INSERT [dbo].[DIEM] ([MAHS], [TOAN], [LY], [HOA], [VAN], [DTB], [XEPLOAI]) VALUES (N'00072', 4.5, 6.5, 3.5, 4, NULL, NULL)
INSERT [dbo].[DIEM] ([MAHS], [TOAN], [LY], [HOA], [VAN], [DTB], [XEPLOAI]) VALUES (N'00073', 8, 7, 4, 4.5, NULL, NULL)
INSERT [dbo].[DIEM] ([MAHS], [TOAN], [LY], [HOA], [VAN], [DTB], [XEPLOAI]) VALUES (N'00078', 8.5, 5, 2.5, 8, NULL, NULL)
INSERT [dbo].[DIEM] ([MAHS], [TOAN], [LY], [HOA], [VAN], [DTB], [XEPLOAI]) VALUES (N'00079', 4.5, 5.5, 4.5, 8, NULL, NULL)
INSERT [dbo].[DIEM] ([MAHS], [TOAN], [LY], [HOA], [VAN], [DTB], [XEPLOAI]) VALUES (N'00084', 4.5, 4.5, 2.5, 4, NULL, NULL)
INSERT [dbo].[DIEM] ([MAHS], [TOAN], [LY], [HOA], [VAN], [DTB], [XEPLOAI]) VALUES (N'00085', 2.5, 4.5, 4.5, 9, NULL, NULL)
INSERT [dbo].[DIEM] ([MAHS], [TOAN], [LY], [HOA], [VAN], [DTB], [XEPLOAI]) VALUES (N'00090', 2.5, 4, 8.5, 4.5, NULL, NULL)
INSERT [dbo].[DIEM] ([MAHS], [TOAN], [LY], [HOA], [VAN], [DTB], [XEPLOAI]) VALUES (N'00091', 5, 4.5, 7, 5.5, NULL, NULL)
INSERT [dbo].[DIEM] ([MAHS], [TOAN], [LY], [HOA], [VAN], [DTB], [XEPLOAI]) VALUES (N'00096', 5.5, 1.5, 3.5, 4, NULL, NULL)
INSERT [dbo].[DIEM] ([MAHS], [TOAN], [LY], [HOA], [VAN], [DTB], [XEPLOAI]) VALUES (N'00097', 6, 7, 4.5, 4.5, NULL, NULL)
INSERT [dbo].[DIEM] ([MAHS], [TOAN], [LY], [HOA], [VAN], [DTB], [XEPLOAI]) VALUES (N'00102', 4.5, 5, 2, 6, NULL, NULL)
INSERT [dbo].[DIEM] ([MAHS], [TOAN], [LY], [HOA], [VAN], [DTB], [XEPLOAI]) VALUES (N'00103', 4.5, 4.5, 4.5, 6, NULL, NULL)
INSERT [dbo].[DIEM] ([MAHS], [TOAN], [LY], [HOA], [VAN], [DTB], [XEPLOAI]) VALUES (N'00108', 4.5, 9, 4, 8.5, NULL, NULL)
INSERT [dbo].[DIEM] ([MAHS], [TOAN], [LY], [HOA], [VAN], [DTB], [XEPLOAI]) VALUES (N'00109', 9.5, 4, 5, 9.5, NULL, NULL)
INSERT [dbo].[DIEM] ([MAHS], [TOAN], [LY], [HOA], [VAN], [DTB], [XEPLOAI]) VALUES (N'00114', 5, 7, 7.5, 9.5, NULL, NULL)
INSERT [dbo].[DIEM] ([MAHS], [TOAN], [LY], [HOA], [VAN], [DTB], [XEPLOAI]) VALUES (N'00115', 5, 6, 7, 4, NULL, NULL)
INSERT [dbo].[DIEM] ([MAHS], [TOAN], [LY], [HOA], [VAN], [DTB], [XEPLOAI]) VALUES (N'00120', 3.5, 8.5, 7, 5.5, NULL, NULL)
INSERT [dbo].[DIEM] ([MAHS], [TOAN], [LY], [HOA], [VAN], [DTB], [XEPLOAI]) VALUES (N'00121', 5.5, 10, 4, 5.5, NULL, NULL)
INSERT [dbo].[DIEM] ([MAHS], [TOAN], [LY], [HOA], [VAN], [DTB], [XEPLOAI]) VALUES (N'00126', 4.5, 4.5, 4.5, 3.5, NULL, NULL)
INSERT [dbo].[DIEM] ([MAHS], [TOAN], [LY], [HOA], [VAN], [DTB], [XEPLOAI]) VALUES (N'00127', 5, 9.5, 5, 4.5, NULL, NULL)
INSERT [dbo].[DIEM] ([MAHS], [TOAN], [LY], [HOA], [VAN], [DTB], [XEPLOAI]) VALUES (N'00132', 5, 8, 8, 4.5, NULL, NULL)
INSERT [dbo].[DIEM] ([MAHS], [TOAN], [LY], [HOA], [VAN], [DTB], [XEPLOAI]) VALUES (N'00133', 9.5, 4.5, 6.5, 2, NULL, NULL)
INSERT [dbo].[DIEM] ([MAHS], [TOAN], [LY], [HOA], [VAN], [DTB], [XEPLOAI]) VALUES (N'00136', 4.5, 4.5, 10, 4.5, NULL, NULL)
INSERT [dbo].[DIEM] ([MAHS], [TOAN], [LY], [HOA], [VAN], [DTB], [XEPLOAI]) VALUES (N'00137', 9, 4, 4, 5, NULL, NULL)
INSERT [dbo].[DIEM] ([MAHS], [TOAN], [LY], [HOA], [VAN], [DTB], [XEPLOAI]) VALUES (N'00142', 4.5, 9.5, 9.5, 7.5, NULL, NULL)
INSERT [dbo].[DIEM] ([MAHS], [TOAN], [LY], [HOA], [VAN], [DTB], [XEPLOAI]) VALUES (N'00143', 4.5, 8.5, 4.5, 4.5, NULL, NULL)
INSERT [dbo].[DIEM] ([MAHS], [TOAN], [LY], [HOA], [VAN], [DTB], [XEPLOAI]) VALUES (N'00147', 8, 4, 9.5, 5.5, NULL, NULL)
INSERT [dbo].[DIEM] ([MAHS], [TOAN], [LY], [HOA], [VAN], [DTB], [XEPLOAI]) VALUES (N'00148', 8, 3.5, 10, 8.5, NULL, NULL)
INSERT [dbo].[DIEM] ([MAHS], [TOAN], [LY], [HOA], [VAN], [DTB], [XEPLOAI]) VALUES (N'00149', 4.5, 8.5, 9.5, 6.5, NULL, NULL)
INSERT [dbo].[DIEM] ([MAHS], [TOAN], [LY], [HOA], [VAN], [DTB], [XEPLOAI]) VALUES (N'00153', 10, 7, 9, 6, NULL, NULL)
INSERT [dbo].[DIEM] ([MAHS], [TOAN], [LY], [HOA], [VAN], [DTB], [XEPLOAI]) VALUES (N'00154', 4, 8.5, 5.5, 3, NULL, NULL)
INSERT [dbo].[DIEM] ([MAHS], [TOAN], [LY], [HOA], [VAN], [DTB], [XEPLOAI]) VALUES (N'00155', 8.5, 9.5, 5, 8.5, NULL, NULL)
INSERT [dbo].[DIEM] ([MAHS], [TOAN], [LY], [HOA], [VAN], [DTB], [XEPLOAI]) VALUES (N'00159', 4.5, 7.5, 5, 10, NULL, NULL)
INSERT [dbo].[DIEM] ([MAHS], [TOAN], [LY], [HOA], [VAN], [DTB], [XEPLOAI]) VALUES (N'00160', 1.5, 6.5, 4, 5.5, NULL, NULL)
INSERT [dbo].[DIEM] ([MAHS], [TOAN], [LY], [HOA], [VAN], [DTB], [XEPLOAI]) VALUES (N'00161', 6.5, 9, 4, 6.5, NULL, NULL)
INSERT [dbo].[DIEM] ([MAHS], [TOAN], [LY], [HOA], [VAN], [DTB], [XEPLOAI]) VALUES (N'00166', 6, 6, 4, 4.5, NULL, NULL)
INSERT [dbo].[DIEM] ([MAHS], [TOAN], [LY], [HOA], [VAN], [DTB], [XEPLOAI]) VALUES (N'00167', 5, 4, 8.5, 4, NULL, NULL)
INSERT [dbo].[DIEM] ([MAHS], [TOAN], [LY], [HOA], [VAN], [DTB], [XEPLOAI]) VALUES (N'00171', 4.5, 4.5, 5, 4.5, NULL, NULL)
INSERT [dbo].[DIEM] ([MAHS], [TOAN], [LY], [HOA], [VAN], [DTB], [XEPLOAI]) VALUES (N'00172', 9.5, 3.5, 4, 10, NULL, NULL)
INSERT [dbo].[DIEM] ([MAHS], [TOAN], [LY], [HOA], [VAN], [DTB], [XEPLOAI]) VALUES (N'00173', 5, 9, 5, 5.5, NULL, NULL)
INSERT [dbo].[DIEM] ([MAHS], [TOAN], [LY], [HOA], [VAN], [DTB], [XEPLOAI]) VALUES (N'00177', 7, 8.5, 5, 4.5, NULL, NULL)
INSERT [dbo].[DIEM] ([MAHS], [TOAN], [LY], [HOA], [VAN], [DTB], [XEPLOAI]) VALUES (N'00178', 4, 9.5, 4.5, 4, NULL, NULL)
INSERT [dbo].[DIEM] ([MAHS], [TOAN], [LY], [HOA], [VAN], [DTB], [XEPLOAI]) VALUES (N'00179', 7, 9, 4.5, 10, NULL, NULL)
INSERT [dbo].[DIEM] ([MAHS], [TOAN], [LY], [HOA], [VAN], [DTB], [XEPLOAI]) VALUES (N'00183', 8.5, 4, 4, 9, NULL, NULL)
INSERT [dbo].[DIEM] ([MAHS], [TOAN], [LY], [HOA], [VAN], [DTB], [XEPLOAI]) VALUES (N'00184', 6.5, 9.5, 8, 6.5, NULL, NULL)
INSERT [dbo].[DIEM] ([MAHS], [TOAN], [LY], [HOA], [VAN], [DTB], [XEPLOAI]) VALUES (N'00185', 4, 5, 5, 5.5, NULL, NULL)
INSERT [dbo].[DIEM] ([MAHS], [TOAN], [LY], [HOA], [VAN], [DTB], [XEPLOAI]) VALUES (N'00189', 9.5, 4, 10, 3.5, NULL, NULL)
INSERT [dbo].[DIEM] ([MAHS], [TOAN], [LY], [HOA], [VAN], [DTB], [XEPLOAI]) VALUES (N'00190', 6, 6.5, 4.5, 7.5, NULL, NULL)
INSERT [dbo].[DIEM] ([MAHS], [TOAN], [LY], [HOA], [VAN], [DTB], [XEPLOAI]) VALUES (N'00191', 6, 5, 7.5, 8.5, NULL, NULL)
INSERT [dbo].[DIEM] ([MAHS], [TOAN], [LY], [HOA], [VAN], [DTB], [XEPLOAI]) VALUES (N'00197', 9.5, 8.5, 4, 3.5, NULL, NULL)
INSERT [dbo].[DIEM] ([MAHS], [TOAN], [LY], [HOA], [VAN], [DTB], [XEPLOAI]) VALUES (N'00198', 4.5, 4, 5.5, 7.5, NULL, NULL)
INSERT [dbo].[DIEM] ([MAHS], [TOAN], [LY], [HOA], [VAN], [DTB], [XEPLOAI]) VALUES (N'00199', 10, 4, 8, 8.5, NULL, NULL)
INSERT [dbo].[DIEM] ([MAHS], [TOAN], [LY], [HOA], [VAN], [DTB], [XEPLOAI]) VALUES (N'00203', 6.5, 7.5, 9.5, 7.5, NULL, NULL)
INSERT [dbo].[DIEM] ([MAHS], [TOAN], [LY], [HOA], [VAN], [DTB], [XEPLOAI]) VALUES (N'00204', 7.5, 7, 4.5, 2.5, NULL, NULL)
INSERT [dbo].[DIEM] ([MAHS], [TOAN], [LY], [HOA], [VAN], [DTB], [XEPLOAI]) VALUES (N'00205', 4.5, 4, 9, 6, NULL, NULL)
INSERT [dbo].[DIEM] ([MAHS], [TOAN], [LY], [HOA], [VAN], [DTB], [XEPLOAI]) VALUES (N'00209', 4.5, 1.5, 4, 7.5, NULL, NULL)
INSERT [dbo].[DIEM] ([MAHS], [TOAN], [LY], [HOA], [VAN], [DTB], [XEPLOAI]) VALUES (N'00210', 6, 6, 4.5, 4.5, NULL, NULL)
INSERT [dbo].[DIEM] ([MAHS], [TOAN], [LY], [HOA], [VAN], [DTB], [XEPLOAI]) VALUES (N'00211', 4.5, 4, 9, 8, NULL, NULL)
INSERT [dbo].[DIEM] ([MAHS], [TOAN], [LY], [HOA], [VAN], [DTB], [XEPLOAI]) VALUES (N'00215', 5.5, 4, 7, 9.5, NULL, NULL)
INSERT [dbo].[DIEM] ([MAHS], [TOAN], [LY], [HOA], [VAN], [DTB], [XEPLOAI]) VALUES (N'00216', 4, 5.5, 9, 4.5, NULL, NULL)
INSERT [dbo].[DIEM] ([MAHS], [TOAN], [LY], [HOA], [VAN], [DTB], [XEPLOAI]) VALUES (N'00217', 7.5, 7, 8.5, 7, NULL, NULL)
INSERT [dbo].[DIEM] ([MAHS], [TOAN], [LY], [HOA], [VAN], [DTB], [XEPLOAI]) VALUES (N'00220', 7, 8.5, 7.5, 4.5, NULL, NULL)
INSERT [dbo].[DIEM] ([MAHS], [TOAN], [LY], [HOA], [VAN], [DTB], [XEPLOAI]) VALUES (N'00221', 4, 8, 10, 6, NULL, NULL)
INSERT [dbo].[DIEM] ([MAHS], [TOAN], [LY], [HOA], [VAN], [DTB], [XEPLOAI]) VALUES (N'00222', 4.5, 5.5, 8, 6.5, NULL, NULL)
INSERT [dbo].[DIEM] ([MAHS], [TOAN], [LY], [HOA], [VAN], [DTB], [XEPLOAI]) VALUES (N'00226', 4, 9, 8.5, 4, NULL, NULL)
INSERT [dbo].[DIEM] ([MAHS], [TOAN], [LY], [HOA], [VAN], [DTB], [XEPLOAI]) VALUES (N'00227', 9.5, 4, 7, 9.5, NULL, NULL)
INSERT [dbo].[DIEM] ([MAHS], [TOAN], [LY], [HOA], [VAN], [DTB], [XEPLOAI]) VALUES (N'00228', 4, 4, 9, 5.5, NULL, NULL)
INSERT [dbo].[DIEM] ([MAHS], [TOAN], [LY], [HOA], [VAN], [DTB], [XEPLOAI]) VALUES (N'00232', 6.5, 5, 4.5, 8, NULL, NULL)
INSERT [dbo].[DIEM] ([MAHS], [TOAN], [LY], [HOA], [VAN], [DTB], [XEPLOAI]) VALUES (N'00233', 7.5, 4, 8.5, 5.5, NULL, NULL)
INSERT [dbo].[DIEM] ([MAHS], [TOAN], [LY], [HOA], [VAN], [DTB], [XEPLOAI]) VALUES (N'00234', 4, 9.5, 4.5, 4, NULL, NULL)
INSERT [dbo].[DIEM] ([MAHS], [TOAN], [LY], [HOA], [VAN], [DTB], [XEPLOAI]) VALUES (N'00238', 9.5, 5, 5.5, 4.5, NULL, NULL)
INSERT [dbo].[DIEM] ([MAHS], [TOAN], [LY], [HOA], [VAN], [DTB], [XEPLOAI]) VALUES (N'00239', 9.5, 4.5, 4, 5, NULL, NULL)
INSERT [dbo].[DIEM] ([MAHS], [TOAN], [LY], [HOA], [VAN], [DTB], [XEPLOAI]) VALUES (N'00240', 4, 4.5, 7, 9, NULL, NULL)
INSERT [dbo].[DIEM] ([MAHS], [TOAN], [LY], [HOA], [VAN], [DTB], [XEPLOAI]) VALUES (N'00245', 10, 5, 4, 4.5, NULL, NULL)
INSERT [dbo].[DIEM] ([MAHS], [TOAN], [LY], [HOA], [VAN], [DTB], [XEPLOAI]) VALUES (N'00246', 8.5, 7, 10, 5, NULL, NULL)
INSERT [dbo].[DIEM] ([MAHS], [TOAN], [LY], [HOA], [VAN], [DTB], [XEPLOAI]) VALUES (N'00247', 4, 5, 5.5, 6, NULL, NULL)
INSERT [dbo].[DIEM] ([MAHS], [TOAN], [LY], [HOA], [VAN], [DTB], [XEPLOAI]) VALUES (N'00251', 6.5, 7, 8, 5, NULL, NULL)
INSERT [dbo].[DIEM] ([MAHS], [TOAN], [LY], [HOA], [VAN], [DTB], [XEPLOAI]) VALUES (N'00252', 7, 5, 6, 9.5, NULL, NULL)
INSERT [dbo].[DIEM] ([MAHS], [TOAN], [LY], [HOA], [VAN], [DTB], [XEPLOAI]) VALUES (N'00253', 4, 5.5, 9, 6, NULL, NULL)
GO
INSERT [dbo].[DIEM] ([MAHS], [TOAN], [LY], [HOA], [VAN], [DTB], [XEPLOAI]) VALUES (N'00257', 7.5, 5.5, 4.5, 4.5, NULL, NULL)
INSERT [dbo].[DIEM] ([MAHS], [TOAN], [LY], [HOA], [VAN], [DTB], [XEPLOAI]) VALUES (N'00258', 5.5, 10, 6, 4.5, NULL, NULL)
INSERT [dbo].[DIEM] ([MAHS], [TOAN], [LY], [HOA], [VAN], [DTB], [XEPLOAI]) VALUES (N'00259', 5, 4, 4.5, 10, NULL, NULL)
INSERT [dbo].[DIEM] ([MAHS], [TOAN], [LY], [HOA], [VAN], [DTB], [XEPLOAI]) VALUES (N'00263', 5.5, 9.5, 10, 10, NULL, NULL)
INSERT [dbo].[DIEM] ([MAHS], [TOAN], [LY], [HOA], [VAN], [DTB], [XEPLOAI]) VALUES (N'00264', 7, 4.5, 4.5, 6, NULL, NULL)
INSERT [dbo].[DIEM] ([MAHS], [TOAN], [LY], [HOA], [VAN], [DTB], [XEPLOAI]) VALUES (N'00265', 5.5, 4.5, 4.5, 5, NULL, NULL)
INSERT [dbo].[DIEM] ([MAHS], [TOAN], [LY], [HOA], [VAN], [DTB], [XEPLOAI]) VALUES (N'00269', 6.5, 5.5, 9, 7, NULL, NULL)
INSERT [dbo].[DIEM] ([MAHS], [TOAN], [LY], [HOA], [VAN], [DTB], [XEPLOAI]) VALUES (N'00270', 4, 10, 9, 4.5, NULL, NULL)
INSERT [dbo].[DIEM] ([MAHS], [TOAN], [LY], [HOA], [VAN], [DTB], [XEPLOAI]) VALUES (N'00271', 10, 8, 4.5, 5, NULL, NULL)
INSERT [dbo].[DIEM] ([MAHS], [TOAN], [LY], [HOA], [VAN], [DTB], [XEPLOAI]) VALUES (N'00273', 7, 5, 8.5, 5, NULL, NULL)
INSERT [dbo].[DIEM] ([MAHS], [TOAN], [LY], [HOA], [VAN], [DTB], [XEPLOAI]) VALUES (N'00274', 4, 8.5, 6.5, 6, NULL, NULL)
INSERT [dbo].[DIEM] ([MAHS], [TOAN], [LY], [HOA], [VAN], [DTB], [XEPLOAI]) VALUES (N'00278', 7.5, 2, 5.5, 4.5, NULL, NULL)
INSERT [dbo].[DIEM] ([MAHS], [TOAN], [LY], [HOA], [VAN], [DTB], [XEPLOAI]) VALUES (N'00279', 4.5, 10, 5, 4, NULL, NULL)
INSERT [dbo].[DIEM] ([MAHS], [TOAN], [LY], [HOA], [VAN], [DTB], [XEPLOAI]) VALUES (N'00280', 4.5, 7.5, 7, 5, NULL, NULL)
INSERT [dbo].[DIEM] ([MAHS], [TOAN], [LY], [HOA], [VAN], [DTB], [XEPLOAI]) VALUES (N'00284', 8, 7.5, 4, 4, NULL, NULL)
INSERT [dbo].[DIEM] ([MAHS], [TOAN], [LY], [HOA], [VAN], [DTB], [XEPLOAI]) VALUES (N'00285', 6, 4, 4.5, 9.5, NULL, NULL)
INSERT [dbo].[DIEM] ([MAHS], [TOAN], [LY], [HOA], [VAN], [DTB], [XEPLOAI]) VALUES (N'00286', 7.5, 10, 4, 4.5, NULL, NULL)
INSERT [dbo].[DIEM] ([MAHS], [TOAN], [LY], [HOA], [VAN], [DTB], [XEPLOAI]) VALUES (N'00290', 4, 10, 4, 9.5, NULL, NULL)
INSERT [dbo].[DIEM] ([MAHS], [TOAN], [LY], [HOA], [VAN], [DTB], [XEPLOAI]) VALUES (N'00291', 4.5, 4.5, 5.5, 4, NULL, NULL)
INSERT [dbo].[DIEM] ([MAHS], [TOAN], [LY], [HOA], [VAN], [DTB], [XEPLOAI]) VALUES (N'00292', 7.5, 7, 4, 4.5, NULL, NULL)
INSERT [dbo].[DIEM] ([MAHS], [TOAN], [LY], [HOA], [VAN], [DTB], [XEPLOAI]) VALUES (N'00296', 5, 5, 4.5, 6, NULL, NULL)
INSERT [dbo].[DIEM] ([MAHS], [TOAN], [LY], [HOA], [VAN], [DTB], [XEPLOAI]) VALUES (N'00297', 4.5, 10, 7.5, 8.5, NULL, NULL)
INSERT [dbo].[DIEM] ([MAHS], [TOAN], [LY], [HOA], [VAN], [DTB], [XEPLOAI]) VALUES (N'00299', 8, 5.5, 9, 10, NULL, NULL)
INSERT [dbo].[DIEM] ([MAHS], [TOAN], [LY], [HOA], [VAN], [DTB], [XEPLOAI]) VALUES (N'00300', 7.5, 4.5, 8.5, 5, NULL, NULL)
INSERT [dbo].[DIEM] ([MAHS], [TOAN], [LY], [HOA], [VAN], [DTB], [XEPLOAI]) VALUES (N'00305', 4, 4.5, 4, 9, NULL, NULL)
INSERT [dbo].[DIEM] ([MAHS], [TOAN], [LY], [HOA], [VAN], [DTB], [XEPLOAI]) VALUES (N'00306', 7.5, 9, 4.5, 4.5, NULL, NULL)
INSERT [dbo].[DIEM] ([MAHS], [TOAN], [LY], [HOA], [VAN], [DTB], [XEPLOAI]) VALUES (N'00311', 4.5, 5, 4, 7.5, NULL, NULL)
INSERT [dbo].[DIEM] ([MAHS], [TOAN], [LY], [HOA], [VAN], [DTB], [XEPLOAI]) VALUES (N'00312', 8.5, 7.5, 4.5, 7.5, NULL, NULL)
INSERT [dbo].[DIEM] ([MAHS], [TOAN], [LY], [HOA], [VAN], [DTB], [XEPLOAI]) VALUES (N'00317', 4.5, 5.5, 9, 10, NULL, NULL)
INSERT [dbo].[DIEM] ([MAHS], [TOAN], [LY], [HOA], [VAN], [DTB], [XEPLOAI]) VALUES (N'00318', 9.5, 5.5, 6, 6.5, NULL, NULL)
INSERT [dbo].[DIEM] ([MAHS], [TOAN], [LY], [HOA], [VAN], [DTB], [XEPLOAI]) VALUES (N'00325', 4.5, 9, 7, 9.5, NULL, NULL)
INSERT [dbo].[DIEM] ([MAHS], [TOAN], [LY], [HOA], [VAN], [DTB], [XEPLOAI]) VALUES (N'00326', 4.5, 8, 4.5, 8, NULL, NULL)
INSERT [dbo].[DIEM] ([MAHS], [TOAN], [LY], [HOA], [VAN], [DTB], [XEPLOAI]) VALUES (N'00331', 4.5, 8.5, 4, 8.5, NULL, NULL)
INSERT [dbo].[DIEM] ([MAHS], [TOAN], [LY], [HOA], [VAN], [DTB], [XEPLOAI]) VALUES (N'00332', 5.5, 7.5, 4, 8, NULL, NULL)
INSERT [dbo].[DIEM] ([MAHS], [TOAN], [LY], [HOA], [VAN], [DTB], [XEPLOAI]) VALUES (N'00337', 4, 9.5, 6, 8.5, NULL, NULL)
INSERT [dbo].[DIEM] ([MAHS], [TOAN], [LY], [HOA], [VAN], [DTB], [XEPLOAI]) VALUES (N'00338', 4.5, 8.5, 6, 4.5, NULL, NULL)
INSERT [dbo].[DIEM] ([MAHS], [TOAN], [LY], [HOA], [VAN], [DTB], [XEPLOAI]) VALUES (N'00343', 5, 4, 4.5, 6, NULL, NULL)
INSERT [dbo].[DIEM] ([MAHS], [TOAN], [LY], [HOA], [VAN], [DTB], [XEPLOAI]) VALUES (N'00344', 4.5, 8.5, 4.5, 4, NULL, NULL)
INSERT [dbo].[DIEM] ([MAHS], [TOAN], [LY], [HOA], [VAN], [DTB], [XEPLOAI]) VALUES (N'00352', 5, 9.5, 6.5, 10, NULL, NULL)
INSERT [dbo].[DIEM] ([MAHS], [TOAN], [LY], [HOA], [VAN], [DTB], [XEPLOAI]) VALUES (N'00353', 7.5, 6.5, 4, 8.5, NULL, NULL)
INSERT [dbo].[DIEM] ([MAHS], [TOAN], [LY], [HOA], [VAN], [DTB], [XEPLOAI]) VALUES (N'00358', 6.5, 4, 3.5, 7.5, NULL, NULL)
INSERT [dbo].[DIEM] ([MAHS], [TOAN], [LY], [HOA], [VAN], [DTB], [XEPLOAI]) VALUES (N'00359', 3, 5.5, 5.5, 10, NULL, NULL)
INSERT [dbo].[DIEM] ([MAHS], [TOAN], [LY], [HOA], [VAN], [DTB], [XEPLOAI]) VALUES (N'00364', 10, 8, 5.5, 4.5, NULL, NULL)
INSERT [dbo].[DIEM] ([MAHS], [TOAN], [LY], [HOA], [VAN], [DTB], [XEPLOAI]) VALUES (N'00365', 6, 8, 7.5, 9, NULL, NULL)
INSERT [dbo].[DIEM] ([MAHS], [TOAN], [LY], [HOA], [VAN], [DTB], [XEPLOAI]) VALUES (N'00370', 7, 5.5, 9, 7, NULL, NULL)
INSERT [dbo].[DIEM] ([MAHS], [TOAN], [LY], [HOA], [VAN], [DTB], [XEPLOAI]) VALUES (N'00371', 6, 9, 8.5, 6.5, NULL, NULL)
INSERT [dbo].[DIEM] ([MAHS], [TOAN], [LY], [HOA], [VAN], [DTB], [XEPLOAI]) VALUES (N'00374', 5.5, 9.5, 8, 5, NULL, NULL)
INSERT [dbo].[DIEM] ([MAHS], [TOAN], [LY], [HOA], [VAN], [DTB], [XEPLOAI]) VALUES (N'00376', 7.5, 9, 9, 6, NULL, NULL)
INSERT [dbo].[DIEM] ([MAHS], [TOAN], [LY], [HOA], [VAN], [DTB], [XEPLOAI]) VALUES (N'00381', 6.5, 9.5, 8.5, 7, NULL, NULL)
INSERT [dbo].[DIEM] ([MAHS], [TOAN], [LY], [HOA], [VAN], [DTB], [XEPLOAI]) VALUES (N'00382', 6.5, 9.5, 8.5, 9, NULL, NULL)
INSERT [dbo].[DIEM] ([MAHS], [TOAN], [LY], [HOA], [VAN], [DTB], [XEPLOAI]) VALUES (N'00387', 5.5, 9, 7.5, 5.5, NULL, NULL)
INSERT [dbo].[DIEM] ([MAHS], [TOAN], [LY], [HOA], [VAN], [DTB], [XEPLOAI]) VALUES (N'00388', 9, 8, 7.5, 6, NULL, NULL)
INSERT [dbo].[DIEM] ([MAHS], [TOAN], [LY], [HOA], [VAN], [DTB], [XEPLOAI]) VALUES (N'00393', 5.5, 5, 8.5, 6, NULL, NULL)
INSERT [dbo].[DIEM] ([MAHS], [TOAN], [LY], [HOA], [VAN], [DTB], [XEPLOAI]) VALUES (N'00394', 9, 8.5, 8.5, 7.5, NULL, NULL)
INSERT [dbo].[DIEM] ([MAHS], [TOAN], [LY], [HOA], [VAN], [DTB], [XEPLOAI]) VALUES (N'00399', 6.5, 7, 7, 8, NULL, NULL)
INSERT [dbo].[DIEM] ([MAHS], [TOAN], [LY], [HOA], [VAN], [DTB], [XEPLOAI]) VALUES (N'00400', 6, 8, 9.5, 9, NULL, NULL)
INSERT [dbo].[DIEM] ([MAHS], [TOAN], [LY], [HOA], [VAN], [DTB], [XEPLOAI]) VALUES (N'00405', 7, 5.5, 7, 9, NULL, NULL)
INSERT [dbo].[DIEM] ([MAHS], [TOAN], [LY], [HOA], [VAN], [DTB], [XEPLOAI]) VALUES (N'00406', 8, 9, 6.5, 6, NULL, NULL)
INSERT [dbo].[DIEM] ([MAHS], [TOAN], [LY], [HOA], [VAN], [DTB], [XEPLOAI]) VALUES (N'00411', 5.5, 6.5, 5, 9, NULL, NULL)
INSERT [dbo].[DIEM] ([MAHS], [TOAN], [LY], [HOA], [VAN], [DTB], [XEPLOAI]) VALUES (N'00412', 8.5, 6, 7.5, 5, NULL, NULL)
INSERT [dbo].[DIEM] ([MAHS], [TOAN], [LY], [HOA], [VAN], [DTB], [XEPLOAI]) VALUES (N'00417', 7, 8.5, 6.5, 7.5, NULL, NULL)
INSERT [dbo].[DIEM] ([MAHS], [TOAN], [LY], [HOA], [VAN], [DTB], [XEPLOAI]) VALUES (N'00418', 8.5, 7, 7.5, 6.5, NULL, NULL)
INSERT [dbo].[DIEM] ([MAHS], [TOAN], [LY], [HOA], [VAN], [DTB], [XEPLOAI]) VALUES (N'00423', 7.5, 5, 5.5, 8, NULL, NULL)
INSERT [dbo].[DIEM] ([MAHS], [TOAN], [LY], [HOA], [VAN], [DTB], [XEPLOAI]) VALUES (N'00424', 7.5, 7, 5.5, 6.5, NULL, NULL)
INSERT [dbo].[DIEM] ([MAHS], [TOAN], [LY], [HOA], [VAN], [DTB], [XEPLOAI]) VALUES (N'00429', 7, 8.5, 7.5, 7, NULL, NULL)
INSERT [dbo].[DIEM] ([MAHS], [TOAN], [LY], [HOA], [VAN], [DTB], [XEPLOAI]) VALUES (N'00430', 8, 8, 6.5, 5, NULL, NULL)
INSERT [dbo].[DIEM] ([MAHS], [TOAN], [LY], [HOA], [VAN], [DTB], [XEPLOAI]) VALUES (N'00435', 6.5, 5.5, 7.5, 9, NULL, NULL)
INSERT [dbo].[DIEM] ([MAHS], [TOAN], [LY], [HOA], [VAN], [DTB], [XEPLOAI]) VALUES (N'00436', 7.5, 5, 7, 5.5, NULL, NULL)
INSERT [dbo].[DIEM] ([MAHS], [TOAN], [LY], [HOA], [VAN], [DTB], [XEPLOAI]) VALUES (N'00441', 7.5, 7.5, 6, 7, NULL, NULL)
INSERT [dbo].[DIEM] ([MAHS], [TOAN], [LY], [HOA], [VAN], [DTB], [XEPLOAI]) VALUES (N'00442', 9, 9, 7.5, 5, NULL, NULL)
INSERT [dbo].[DIEM] ([MAHS], [TOAN], [LY], [HOA], [VAN], [DTB], [XEPLOAI]) VALUES (N'00445', 5.5, 7, 6, 7.5, NULL, NULL)
INSERT [dbo].[DIEM] ([MAHS], [TOAN], [LY], [HOA], [VAN], [DTB], [XEPLOAI]) VALUES (N'00446', 7.5, 6, 8.5, 6.5, NULL, NULL)
INSERT [dbo].[DIEM] ([MAHS], [TOAN], [LY], [HOA], [VAN], [DTB], [XEPLOAI]) VALUES (N'00451', 5, 5, 6.5, 6.5, NULL, NULL)
INSERT [dbo].[DIEM] ([MAHS], [TOAN], [LY], [HOA], [VAN], [DTB], [XEPLOAI]) VALUES (N'00452', 6.5, 9, 6.5, 7.5, NULL, NULL)
INSERT [dbo].[DIEM] ([MAHS], [TOAN], [LY], [HOA], [VAN], [DTB], [XEPLOAI]) VALUES (N'00457', 9, 5, 5.5, 5, NULL, NULL)
INSERT [dbo].[DIEM] ([MAHS], [TOAN], [LY], [HOA], [VAN], [DTB], [XEPLOAI]) VALUES (N'00458', 9.5, 5.5, 8, 7, NULL, NULL)
INSERT [dbo].[DIEM] ([MAHS], [TOAN], [LY], [HOA], [VAN], [DTB], [XEPLOAI]) VALUES (N'00463', 6, 5, 5.5, 7, NULL, NULL)
INSERT [dbo].[DIEM] ([MAHS], [TOAN], [LY], [HOA], [VAN], [DTB], [XEPLOAI]) VALUES (N'00464', 6.5, 8, 6.5, 5.5, NULL, NULL)
INSERT [dbo].[DIEM] ([MAHS], [TOAN], [LY], [HOA], [VAN], [DTB], [XEPLOAI]) VALUES (N'00469', 5, 6.5, 9.5, 8, NULL, NULL)
INSERT [dbo].[DIEM] ([MAHS], [TOAN], [LY], [HOA], [VAN], [DTB], [XEPLOAI]) VALUES (N'00470', 6, 8, 6, 7.5, NULL, NULL)
INSERT [dbo].[DIEM] ([MAHS], [TOAN], [LY], [HOA], [VAN], [DTB], [XEPLOAI]) VALUES (N'00475', 5.5, 5.5, 8.5, 9, NULL, NULL)
INSERT [dbo].[DIEM] ([MAHS], [TOAN], [LY], [HOA], [VAN], [DTB], [XEPLOAI]) VALUES (N'00476', 8.5, 5, 6, 8, NULL, NULL)
INSERT [dbo].[DIEM] ([MAHS], [TOAN], [LY], [HOA], [VAN], [DTB], [XEPLOAI]) VALUES (N'00481', 7, 7, 6.5, 9, NULL, NULL)
INSERT [dbo].[DIEM] ([MAHS], [TOAN], [LY], [HOA], [VAN], [DTB], [XEPLOAI]) VALUES (N'00482', 6, 9, 5.5, 7.5, NULL, NULL)
INSERT [dbo].[DIEM] ([MAHS], [TOAN], [LY], [HOA], [VAN], [DTB], [XEPLOAI]) VALUES (N'00487', 9, 5.5, 9, 9, NULL, NULL)
INSERT [dbo].[DIEM] ([MAHS], [TOAN], [LY], [HOA], [VAN], [DTB], [XEPLOAI]) VALUES (N'00488', 7, 6, 6.5, 9, NULL, NULL)
INSERT [dbo].[DIEM] ([MAHS], [TOAN], [LY], [HOA], [VAN], [DTB], [XEPLOAI]) VALUES (N'00495', 6, 9.5, 9.5, 8.5, NULL, NULL)
INSERT [dbo].[DIEM] ([MAHS], [TOAN], [LY], [HOA], [VAN], [DTB], [XEPLOAI]) VALUES (N'00496', 7.5, 5, 6.5, 5, NULL, NULL)
INSERT [dbo].[DIEM] ([MAHS], [TOAN], [LY], [HOA], [VAN], [DTB], [XEPLOAI]) VALUES (N'00501', 6, 8.5, 5.5, 6.5, NULL, NULL)
INSERT [dbo].[DIEM] ([MAHS], [TOAN], [LY], [HOA], [VAN], [DTB], [XEPLOAI]) VALUES (N'00502', 7, 8.5, 6, 7.5, 7.25, NULL)
INSERT [dbo].[DIEM] ([MAHS], [TOAN], [LY], [HOA], [VAN], [DTB], [XEPLOAI]) VALUES (N'00507', 8.5, 6.5, 5, 6.5, NULL, NULL)
INSERT [dbo].[DIEM] ([MAHS], [TOAN], [LY], [HOA], [VAN], [DTB], [XEPLOAI]) VALUES (N'00508', 8, 8, 8, 5.5, NULL, NULL)
INSERT [dbo].[DIEM] ([MAHS], [TOAN], [LY], [HOA], [VAN], [DTB], [XEPLOAI]) VALUES (N'00513', 5.5, 8.5, 8, 5, NULL, NULL)
INSERT [dbo].[DIEM] ([MAHS], [TOAN], [LY], [HOA], [VAN], [DTB], [XEPLOAI]) VALUES (N'00514', 5.5, 9.5, 9.5, 6.5, NULL, NULL)
INSERT [dbo].[DIEM] ([MAHS], [TOAN], [LY], [HOA], [VAN], [DTB], [XEPLOAI]) VALUES (N'00519', 5.5, 6, 5, 7, NULL, NULL)
INSERT [dbo].[DIEM] ([MAHS], [TOAN], [LY], [HOA], [VAN], [DTB], [XEPLOAI]) VALUES (N'00520', 9.5, 8, 9, 8.5, NULL, NULL)
INSERT [dbo].[DIEM] ([MAHS], [TOAN], [LY], [HOA], [VAN], [DTB], [XEPLOAI]) VALUES (N'00526', 7.5, 9, 6, 5.5, NULL, NULL)
INSERT [dbo].[DIEM] ([MAHS], [TOAN], [LY], [HOA], [VAN], [DTB], [XEPLOAI]) VALUES (N'00527', 8, 9, 8.5, 9, NULL, NULL)
INSERT [dbo].[DIEM] ([MAHS], [TOAN], [LY], [HOA], [VAN], [DTB], [XEPLOAI]) VALUES (N'00529', 9, 8.5, 8.5, 7.5, NULL, NULL)
INSERT [dbo].[DIEM] ([MAHS], [TOAN], [LY], [HOA], [VAN], [DTB], [XEPLOAI]) VALUES (N'00530', 9.5, 7.5, 5, 8.5, NULL, NULL)
GO
INSERT [dbo].[DIEM] ([MAHS], [TOAN], [LY], [HOA], [VAN], [DTB], [XEPLOAI]) VALUES (N'00535', 6, 9.5, 8, 5.5, NULL, NULL)
INSERT [dbo].[DIEM] ([MAHS], [TOAN], [LY], [HOA], [VAN], [DTB], [XEPLOAI]) VALUES (N'00536', 9, 7, 9, 8, NULL, NULL)
INSERT [dbo].[DIEM] ([MAHS], [TOAN], [LY], [HOA], [VAN], [DTB], [XEPLOAI]) VALUES (N'00541', 7, 5, 9.5, 7.5, NULL, NULL)
INSERT [dbo].[DIEM] ([MAHS], [TOAN], [LY], [HOA], [VAN], [DTB], [XEPLOAI]) VALUES (N'00542', 6.5, 8.5, 6.5, 7.5, NULL, NULL)
INSERT [dbo].[DIEM] ([MAHS], [TOAN], [LY], [HOA], [VAN], [DTB], [XEPLOAI]) VALUES (N'00547', 5, 8.5, 7.5, 7, NULL, NULL)
INSERT [dbo].[DIEM] ([MAHS], [TOAN], [LY], [HOA], [VAN], [DTB], [XEPLOAI]) VALUES (N'00548', 5.5, 7, 9, 5.5, NULL, NULL)
INSERT [dbo].[DIEM] ([MAHS], [TOAN], [LY], [HOA], [VAN], [DTB], [XEPLOAI]) VALUES (N'00553', 8.5, 9.5, 7, 6.5, NULL, NULL)
INSERT [dbo].[DIEM] ([MAHS], [TOAN], [LY], [HOA], [VAN], [DTB], [XEPLOAI]) VALUES (N'00554', 8, 6, 8, 7, NULL, NULL)
INSERT [dbo].[DIEM] ([MAHS], [TOAN], [LY], [HOA], [VAN], [DTB], [XEPLOAI]) VALUES (N'00559', 8, 8.5, 6, 9, NULL, NULL)
INSERT [dbo].[DIEM] ([MAHS], [TOAN], [LY], [HOA], [VAN], [DTB], [XEPLOAI]) VALUES (N'00560', 6, 5.5, 7.5, 8, NULL, NULL)
INSERT [dbo].[DIEM] ([MAHS], [TOAN], [LY], [HOA], [VAN], [DTB], [XEPLOAI]) VALUES (N'00565', 6, 5.5, 6.5, 7, NULL, NULL)
INSERT [dbo].[DIEM] ([MAHS], [TOAN], [LY], [HOA], [VAN], [DTB], [XEPLOAI]) VALUES (N'00566', 7, 8, 9, 7.5, NULL, NULL)
INSERT [dbo].[DIEM] ([MAHS], [TOAN], [LY], [HOA], [VAN], [DTB], [XEPLOAI]) VALUES (N'00571', 5.5, 6.5, 9.5, 5, NULL, NULL)
INSERT [dbo].[DIEM] ([MAHS], [TOAN], [LY], [HOA], [VAN], [DTB], [XEPLOAI]) VALUES (N'00572', 6.5, 9, 9, 6, NULL, NULL)
INSERT [dbo].[DIEM] ([MAHS], [TOAN], [LY], [HOA], [VAN], [DTB], [XEPLOAI]) VALUES (N'00577', 9, 8, 7, 6.5, NULL, NULL)
INSERT [dbo].[DIEM] ([MAHS], [TOAN], [LY], [HOA], [VAN], [DTB], [XEPLOAI]) VALUES (N'00578', 8, 9.5, 8.5, 8.5, NULL, NULL)
INSERT [dbo].[DIEM] ([MAHS], [TOAN], [LY], [HOA], [VAN], [DTB], [XEPLOAI]) VALUES (N'00582', 5, 6, 5.5, 6, NULL, NULL)
INSERT [dbo].[DIEM] ([MAHS], [TOAN], [LY], [HOA], [VAN], [DTB], [XEPLOAI]) VALUES (N'00583', 8.5, 9.5, 6.5, 7, NULL, NULL)
INSERT [dbo].[DIEM] ([MAHS], [TOAN], [LY], [HOA], [VAN], [DTB], [XEPLOAI]) VALUES (N'00584', 9, 9, 5, 8, NULL, NULL)
INSERT [dbo].[DIEM] ([MAHS], [TOAN], [LY], [HOA], [VAN], [DTB], [XEPLOAI]) VALUES (N'00588', 8.5, 8, 6, 9, NULL, NULL)
INSERT [dbo].[DIEM] ([MAHS], [TOAN], [LY], [HOA], [VAN], [DTB], [XEPLOAI]) VALUES (N'00589', 5, 9, 7, 7.5, NULL, NULL)
INSERT [dbo].[DIEM] ([MAHS], [TOAN], [LY], [HOA], [VAN], [DTB], [XEPLOAI]) VALUES (N'00590', 6.5, 8.5, 6, 8, NULL, NULL)
INSERT [dbo].[DIEM] ([MAHS], [TOAN], [LY], [HOA], [VAN], [DTB], [XEPLOAI]) VALUES (N'00594', 6, 9.5, 5.5, 9, NULL, NULL)
INSERT [dbo].[DIEM] ([MAHS], [TOAN], [LY], [HOA], [VAN], [DTB], [XEPLOAI]) VALUES (N'00595', 9, 6.5, 8, 6.5, NULL, NULL)
INSERT [dbo].[DIEM] ([MAHS], [TOAN], [LY], [HOA], [VAN], [DTB], [XEPLOAI]) VALUES (N'00596', 8.5, 9.5, 7, 8.5, NULL, NULL)
INSERT [dbo].[DIEM] ([MAHS], [TOAN], [LY], [HOA], [VAN], [DTB], [XEPLOAI]) VALUES (N'00600', 8.5, 9, 6.5, 6, NULL, NULL)
INSERT [dbo].[DIEM] ([MAHS], [TOAN], [LY], [HOA], [VAN], [DTB], [XEPLOAI]) VALUES (N'00601', 7.5, 9.5, 7.5, 7, NULL, NULL)
INSERT [dbo].[DIEM] ([MAHS], [TOAN], [LY], [HOA], [VAN], [DTB], [XEPLOAI]) VALUES (N'00602', 7.5, 9.5, 7.5, 5.5, NULL, NULL)
INSERT [dbo].[DIEM] ([MAHS], [TOAN], [LY], [HOA], [VAN], [DTB], [XEPLOAI]) VALUES (N'00606', 8.5, 9.5, 9.5, 6, NULL, NULL)
INSERT [dbo].[DIEM] ([MAHS], [TOAN], [LY], [HOA], [VAN], [DTB], [XEPLOAI]) VALUES (N'00607', 5, 6, 6.5, 6.5, NULL, NULL)
INSERT [dbo].[DIEM] ([MAHS], [TOAN], [LY], [HOA], [VAN], [DTB], [XEPLOAI]) VALUES (N'00608', 6.5, 5, 5.5, 9, NULL, NULL)
INSERT [dbo].[DIEM] ([MAHS], [TOAN], [LY], [HOA], [VAN], [DTB], [XEPLOAI]) VALUES (N'00612', 8, 9, 8.5, 7, NULL, NULL)
INSERT [dbo].[DIEM] ([MAHS], [TOAN], [LY], [HOA], [VAN], [DTB], [XEPLOAI]) VALUES (N'00613', 6.5, 6, 8, 9, NULL, NULL)
INSERT [dbo].[DIEM] ([MAHS], [TOAN], [LY], [HOA], [VAN], [DTB], [XEPLOAI]) VALUES (N'00614', 8, 5.5, 8.5, 5.5, NULL, NULL)
INSERT [dbo].[DIEM] ([MAHS], [TOAN], [LY], [HOA], [VAN], [DTB], [XEPLOAI]) VALUES (N'00619', 6.5, 7, 5.5, 9, NULL, NULL)
INSERT [dbo].[DIEM] ([MAHS], [TOAN], [LY], [HOA], [VAN], [DTB], [XEPLOAI]) VALUES (N'00624', 8.5, 9, 5.5, 6, NULL, NULL)
INSERT [dbo].[DIEM] ([MAHS], [TOAN], [LY], [HOA], [VAN], [DTB], [XEPLOAI]) VALUES (N'00625', 6, 5.5, 9.5, 5, NULL, NULL)
INSERT [dbo].[DIEM] ([MAHS], [TOAN], [LY], [HOA], [VAN], [DTB], [XEPLOAI]) VALUES (N'00630', 6, 6.5, 8, 7, NULL, NULL)
INSERT [dbo].[DIEM] ([MAHS], [TOAN], [LY], [HOA], [VAN], [DTB], [XEPLOAI]) VALUES (N'00631', 9.5, 9.5, 9, 9, NULL, NULL)
INSERT [dbo].[DIEM] ([MAHS], [TOAN], [LY], [HOA], [VAN], [DTB], [XEPLOAI]) VALUES (N'00636', 9, 5.5, 9.5, 5.5, NULL, NULL)
INSERT [dbo].[DIEM] ([MAHS], [TOAN], [LY], [HOA], [VAN], [DTB], [XEPLOAI]) VALUES (N'00637', 7, 6, 5, 8, NULL, NULL)
INSERT [dbo].[DIEM] ([MAHS], [TOAN], [LY], [HOA], [VAN], [DTB], [XEPLOAI]) VALUES (N'00642', 6.5, 6.5, 8, 7.5, NULL, NULL)
INSERT [dbo].[DIEM] ([MAHS], [TOAN], [LY], [HOA], [VAN], [DTB], [XEPLOAI]) VALUES (N'00643', 7, 6, 6, 8, NULL, NULL)
INSERT [dbo].[DIEM] ([MAHS], [TOAN], [LY], [HOA], [VAN], [DTB], [XEPLOAI]) VALUES (N'00648', 6.5, 8.5, 6.5, 9, NULL, NULL)
INSERT [dbo].[DIEM] ([MAHS], [TOAN], [LY], [HOA], [VAN], [DTB], [XEPLOAI]) VALUES (N'00649', 7, 5.5, 6, 7.5, NULL, NULL)
INSERT [dbo].[DIEM] ([MAHS], [TOAN], [LY], [HOA], [VAN], [DTB], [XEPLOAI]) VALUES (N'00654', 7, 9.5, 5.5, 8, NULL, NULL)
INSERT [dbo].[DIEM] ([MAHS], [TOAN], [LY], [HOA], [VAN], [DTB], [XEPLOAI]) VALUES (N'00655', 5.5, 8, 9, 9, NULL, NULL)
INSERT [dbo].[DIEM] ([MAHS], [TOAN], [LY], [HOA], [VAN], [DTB], [XEPLOAI]) VALUES (N'00660', 5, 9, 9, 8.5, NULL, NULL)
INSERT [dbo].[DIEM] ([MAHS], [TOAN], [LY], [HOA], [VAN], [DTB], [XEPLOAI]) VALUES (N'00661', 9.5, 9, 7.5, 6, NULL, NULL)
INSERT [dbo].[DIEM] ([MAHS], [TOAN], [LY], [HOA], [VAN], [DTB], [XEPLOAI]) VALUES (N'00666', 8, 8, 5.5, 8.5, NULL, NULL)
INSERT [dbo].[DIEM] ([MAHS], [TOAN], [LY], [HOA], [VAN], [DTB], [XEPLOAI]) VALUES (N'00667', 7, 6, 5, 8, NULL, NULL)
INSERT [dbo].[DIEM] ([MAHS], [TOAN], [LY], [HOA], [VAN], [DTB], [XEPLOAI]) VALUES (N'00672', 9.5, 9.5, 6.5, 9, NULL, NULL)
INSERT [dbo].[DIEM] ([MAHS], [TOAN], [LY], [HOA], [VAN], [DTB], [XEPLOAI]) VALUES (N'00673', 8, 6.5, 6, 8.5, NULL, NULL)
INSERT [dbo].[DIEM] ([MAHS], [TOAN], [LY], [HOA], [VAN], [DTB], [XEPLOAI]) VALUES (N'00678', 5, 6.5, 5, 9, NULL, NULL)
INSERT [dbo].[DIEM] ([MAHS], [TOAN], [LY], [HOA], [VAN], [DTB], [XEPLOAI]) VALUES (N'00679', 6, 6, 8, 7, NULL, NULL)
INSERT [dbo].[DIEM] ([MAHS], [TOAN], [LY], [HOA], [VAN], [DTB], [XEPLOAI]) VALUES (N'00682', 7, 8, 6.5, 8, NULL, NULL)
INSERT [dbo].[DIEM] ([MAHS], [TOAN], [LY], [HOA], [VAN], [DTB], [XEPLOAI]) VALUES (N'00683', 6.5, 8, 8, 5.5, NULL, NULL)
INSERT [dbo].[DIEM] ([MAHS], [TOAN], [LY], [HOA], [VAN], [DTB], [XEPLOAI]) VALUES (N'00684', 7, 7, 5, 5.5, NULL, NULL)
INSERT [dbo].[DIEM] ([MAHS], [TOAN], [LY], [HOA], [VAN], [DTB], [XEPLOAI]) VALUES (N'00688', 9, 8.5, 9, 6, NULL, NULL)
INSERT [dbo].[DIEM] ([MAHS], [TOAN], [LY], [HOA], [VAN], [DTB], [XEPLOAI]) VALUES (N'00689', 5, 5, 9, 8.5, NULL, NULL)
INSERT [dbo].[DIEM] ([MAHS], [TOAN], [LY], [HOA], [VAN], [DTB], [XEPLOAI]) VALUES (N'00690', 6, 9, 9.5, 8, NULL, NULL)
INSERT [dbo].[DIEM] ([MAHS], [TOAN], [LY], [HOA], [VAN], [DTB], [XEPLOAI]) VALUES (N'00694', 8.5, 7, 8.5, 7, NULL, NULL)
INSERT [dbo].[DIEM] ([MAHS], [TOAN], [LY], [HOA], [VAN], [DTB], [XEPLOAI]) VALUES (N'00695', 9, 8.5, 5, 7.5, NULL, NULL)
INSERT [dbo].[DIEM] ([MAHS], [TOAN], [LY], [HOA], [VAN], [DTB], [XEPLOAI]) VALUES (N'00696', 8, 9, 6, 8, NULL, NULL)
INSERT [dbo].[DIEM] ([MAHS], [TOAN], [LY], [HOA], [VAN], [DTB], [XEPLOAI]) VALUES (N'00700', 6.5, 8.5, 8, 9, NULL, NULL)
INSERT [dbo].[DIEM] ([MAHS], [TOAN], [LY], [HOA], [VAN], [DTB], [XEPLOAI]) VALUES (N'00701', 9.5, 5, 6.5, 7, NULL, NULL)
INSERT [dbo].[DIEM] ([MAHS], [TOAN], [LY], [HOA], [VAN], [DTB], [XEPLOAI]) VALUES (N'00702', 9.5, 9.5, 9.5, 8.5, NULL, NULL)
INSERT [dbo].[DIEM] ([MAHS], [TOAN], [LY], [HOA], [VAN], [DTB], [XEPLOAI]) VALUES (N'00706', 6.5, 8.5, 6.5, 6.5, NULL, NULL)
INSERT [dbo].[DIEM] ([MAHS], [TOAN], [LY], [HOA], [VAN], [DTB], [XEPLOAI]) VALUES (N'00707', 6, 7.5, 6.5, 5.5, NULL, NULL)
INSERT [dbo].[DIEM] ([MAHS], [TOAN], [LY], [HOA], [VAN], [DTB], [XEPLOAI]) VALUES (N'00708', 9.5, 6, 6, 8.5, NULL, NULL)
INSERT [dbo].[DIEM] ([MAHS], [TOAN], [LY], [HOA], [VAN], [DTB], [XEPLOAI]) VALUES (N'00712', 8, 8.5, 9, 7.5, NULL, NULL)
INSERT [dbo].[DIEM] ([MAHS], [TOAN], [LY], [HOA], [VAN], [DTB], [XEPLOAI]) VALUES (N'00713', 8.5, 8.5, 9.5, 5, NULL, NULL)
INSERT [dbo].[DIEM] ([MAHS], [TOAN], [LY], [HOA], [VAN], [DTB], [XEPLOAI]) VALUES (N'00714', 6, 5, 7, 5.5, NULL, NULL)
INSERT [dbo].[DIEM] ([MAHS], [TOAN], [LY], [HOA], [VAN], [DTB], [XEPLOAI]) VALUES (N'00718', 6, 9, 9.5, 7.5, NULL, NULL)
INSERT [dbo].[DIEM] ([MAHS], [TOAN], [LY], [HOA], [VAN], [DTB], [XEPLOAI]) VALUES (N'00719', 6.5, 9, 5, 8.5, NULL, NULL)
INSERT [dbo].[DIEM] ([MAHS], [TOAN], [LY], [HOA], [VAN], [DTB], [XEPLOAI]) VALUES (N'00720', 5.5, 8, 5, 5.5, NULL, NULL)
INSERT [dbo].[DIEM] ([MAHS], [TOAN], [LY], [HOA], [VAN], [DTB], [XEPLOAI]) VALUES (N'00724', 7.5, 9.5, 9, 8, NULL, NULL)
INSERT [dbo].[DIEM] ([MAHS], [TOAN], [LY], [HOA], [VAN], [DTB], [XEPLOAI]) VALUES (N'00725', 6.5, 7.5, 7.5, 6.5, NULL, NULL)
INSERT [dbo].[DIEM] ([MAHS], [TOAN], [LY], [HOA], [VAN], [DTB], [XEPLOAI]) VALUES (N'00726', 9, 6, 9.5, 6, NULL, NULL)
INSERT [dbo].[DIEM] ([MAHS], [TOAN], [LY], [HOA], [VAN], [DTB], [XEPLOAI]) VALUES (N'00730', 5, 7.5, 5.5, 5, NULL, NULL)
INSERT [dbo].[DIEM] ([MAHS], [TOAN], [LY], [HOA], [VAN], [DTB], [XEPLOAI]) VALUES (N'00731', 9.5, 6.5, 8.5, 7, NULL, NULL)
INSERT [dbo].[DIEM] ([MAHS], [TOAN], [LY], [HOA], [VAN], [DTB], [XEPLOAI]) VALUES (N'00732', 9.5, 6.5, 8, 8, NULL, NULL)
INSERT [dbo].[DIEM] ([MAHS], [TOAN], [LY], [HOA], [VAN], [DTB], [XEPLOAI]) VALUES (N'00736', 8.5, 8.5, 5, 9, NULL, NULL)
INSERT [dbo].[DIEM] ([MAHS], [TOAN], [LY], [HOA], [VAN], [DTB], [XEPLOAI]) VALUES (N'00737', 9.5, 5.5, 8.5, 7.5, NULL, NULL)
INSERT [dbo].[DIEM] ([MAHS], [TOAN], [LY], [HOA], [VAN], [DTB], [XEPLOAI]) VALUES (N'00738', 7.5, 9.5, 8.5, 6, NULL, NULL)
INSERT [dbo].[DIEM] ([MAHS], [TOAN], [LY], [HOA], [VAN], [DTB], [XEPLOAI]) VALUES (N'00742', 8.5, 8, 5.5, 7, NULL, NULL)
INSERT [dbo].[DIEM] ([MAHS], [TOAN], [LY], [HOA], [VAN], [DTB], [XEPLOAI]) VALUES (N'00743', 5.5, 7, 5, 5.5, NULL, NULL)
INSERT [dbo].[DIEM] ([MAHS], [TOAN], [LY], [HOA], [VAN], [DTB], [XEPLOAI]) VALUES (N'00744', 6.5, 7.5, 7, 9, NULL, NULL)
INSERT [dbo].[DIEM] ([MAHS], [TOAN], [LY], [HOA], [VAN], [DTB], [XEPLOAI]) VALUES (N'00748', 7, 7.5, 6, 7.5, NULL, NULL)
INSERT [dbo].[DIEM] ([MAHS], [TOAN], [LY], [HOA], [VAN], [DTB], [XEPLOAI]) VALUES (N'00749', 7.5, 7.5, 9.5, 7.5, NULL, NULL)
INSERT [dbo].[DIEM] ([MAHS], [TOAN], [LY], [HOA], [VAN], [DTB], [XEPLOAI]) VALUES (N'00750', 9, 6, 5, 5.5, NULL, NULL)
INSERT [dbo].[DIEM] ([MAHS], [TOAN], [LY], [HOA], [VAN], [DTB], [XEPLOAI]) VALUES (N'00754', 9.5, 9.5, 6, 5.5, NULL, NULL)
INSERT [dbo].[DIEM] ([MAHS], [TOAN], [LY], [HOA], [VAN], [DTB], [XEPLOAI]) VALUES (N'00755', 6, 6.5, 8.5, 5.5, NULL, NULL)
INSERT [dbo].[DIEM] ([MAHS], [TOAN], [LY], [HOA], [VAN], [DTB], [XEPLOAI]) VALUES (N'00756', 5.5, 5, 7, 7, NULL, NULL)
INSERT [dbo].[DIEM] ([MAHS], [TOAN], [LY], [HOA], [VAN], [DTB], [XEPLOAI]) VALUES (N'00762', 8, 6, 8.5, 9, NULL, NULL)
INSERT [dbo].[DIEM] ([MAHS], [TOAN], [LY], [HOA], [VAN], [DTB], [XEPLOAI]) VALUES (N'00763', 8, 9, 7, 6, NULL, NULL)
INSERT [dbo].[DIEM] ([MAHS], [TOAN], [LY], [HOA], [VAN], [DTB], [XEPLOAI]) VALUES (N'00764', 9.5, 6, 9.5, 9, NULL, NULL)
INSERT [dbo].[DIEM] ([MAHS], [TOAN], [LY], [HOA], [VAN], [DTB], [XEPLOAI]) VALUES (N'00768', 5.5, 7.5, 9, 7, NULL, NULL)
INSERT [dbo].[DIEM] ([MAHS], [TOAN], [LY], [HOA], [VAN], [DTB], [XEPLOAI]) VALUES (N'00769', 6.5, 5, 6.5, 5.5, NULL, NULL)
INSERT [dbo].[DIEM] ([MAHS], [TOAN], [LY], [HOA], [VAN], [DTB], [XEPLOAI]) VALUES (N'00770', 9.5, 7.5, 5, 7.5, NULL, NULL)
GO
INSERT [dbo].[DIEM] ([MAHS], [TOAN], [LY], [HOA], [VAN], [DTB], [XEPLOAI]) VALUES (N'00774', 7.5, 6.5, 6, 5, NULL, NULL)
INSERT [dbo].[DIEM] ([MAHS], [TOAN], [LY], [HOA], [VAN], [DTB], [XEPLOAI]) VALUES (N'00775', 8.5, 6, 8, 5, NULL, NULL)
INSERT [dbo].[DIEM] ([MAHS], [TOAN], [LY], [HOA], [VAN], [DTB], [XEPLOAI]) VALUES (N'00776', 5, 7, 9.5, 7.5, NULL, NULL)
INSERT [dbo].[DIEM] ([MAHS], [TOAN], [LY], [HOA], [VAN], [DTB], [XEPLOAI]) VALUES (N'00780', 6, 5.5, 6.5, 8, NULL, NULL)
INSERT [dbo].[DIEM] ([MAHS], [TOAN], [LY], [HOA], [VAN], [DTB], [XEPLOAI]) VALUES (N'00781', 7, 9, 7, 9, NULL, NULL)
INSERT [dbo].[DIEM] ([MAHS], [TOAN], [LY], [HOA], [VAN], [DTB], [XEPLOAI]) VALUES (N'00782', 7.5, 6, 9, 5, NULL, NULL)
INSERT [dbo].[DIEM] ([MAHS], [TOAN], [LY], [HOA], [VAN], [DTB], [XEPLOAI]) VALUES (N'00786', 6.5, 8, 5.5, 8, NULL, NULL)
INSERT [dbo].[DIEM] ([MAHS], [TOAN], [LY], [HOA], [VAN], [DTB], [XEPLOAI]) VALUES (N'00787', 5.5, 6, 7.5, 5.5, NULL, NULL)
INSERT [dbo].[DIEM] ([MAHS], [TOAN], [LY], [HOA], [VAN], [DTB], [XEPLOAI]) VALUES (N'00788', 7, 9, 8.5, 5.5, NULL, NULL)
INSERT [dbo].[DIEM] ([MAHS], [TOAN], [LY], [HOA], [VAN], [DTB], [XEPLOAI]) VALUES (N'00792', 7, 7.5, 7, 6.5, NULL, NULL)
INSERT [dbo].[DIEM] ([MAHS], [TOAN], [LY], [HOA], [VAN], [DTB], [XEPLOAI]) VALUES (N'00793', 7, 5.5, 8.5, 7, NULL, NULL)
INSERT [dbo].[DIEM] ([MAHS], [TOAN], [LY], [HOA], [VAN], [DTB], [XEPLOAI]) VALUES (N'00794', 8, 6.5, 9, 7, NULL, NULL)
INSERT [dbo].[DIEM] ([MAHS], [TOAN], [LY], [HOA], [VAN], [DTB], [XEPLOAI]) VALUES (N'00798', 5.5, 7, 9, 9, NULL, NULL)
INSERT [dbo].[DIEM] ([MAHS], [TOAN], [LY], [HOA], [VAN], [DTB], [XEPLOAI]) VALUES (N'00799', 7, 8.5, 9.5, 8.5, NULL, NULL)
INSERT [dbo].[DIEM] ([MAHS], [TOAN], [LY], [HOA], [VAN], [DTB], [XEPLOAI]) VALUES (N'00800', 9, 5, 6.5, 5.5, NULL, NULL)
INSERT [dbo].[DIEM] ([MAHS], [TOAN], [LY], [HOA], [VAN], [DTB], [XEPLOAI]) VALUES (N'00804', 9.5, 8, 5, 5.5, NULL, NULL)
INSERT [dbo].[DIEM] ([MAHS], [TOAN], [LY], [HOA], [VAN], [DTB], [XEPLOAI]) VALUES (N'00805', 6, 9.5, 8, 5, NULL, NULL)
INSERT [dbo].[DIEM] ([MAHS], [TOAN], [LY], [HOA], [VAN], [DTB], [XEPLOAI]) VALUES (N'00806', 9.5, 9, 9, 6.5, NULL, NULL)
INSERT [dbo].[DIEM] ([MAHS], [TOAN], [LY], [HOA], [VAN], [DTB], [XEPLOAI]) VALUES (N'00810', 6, 7.5, 7, 8.5, NULL, NULL)
INSERT [dbo].[DIEM] ([MAHS], [TOAN], [LY], [HOA], [VAN], [DTB], [XEPLOAI]) VALUES (N'00811', 9, 5.5, 8.5, 9, NULL, NULL)
INSERT [dbo].[DIEM] ([MAHS], [TOAN], [LY], [HOA], [VAN], [DTB], [XEPLOAI]) VALUES (N'00812', 5.5, 6.5, 6.5, 8.5, NULL, NULL)
INSERT [dbo].[DIEM] ([MAHS], [TOAN], [LY], [HOA], [VAN], [DTB], [XEPLOAI]) VALUES (N'00816', 6, 7.5, 7, 8.5, NULL, NULL)
INSERT [dbo].[DIEM] ([MAHS], [TOAN], [LY], [HOA], [VAN], [DTB], [XEPLOAI]) VALUES (N'00817', 9.5, 8, 6.5, 6.5, NULL, NULL)
INSERT [dbo].[DIEM] ([MAHS], [TOAN], [LY], [HOA], [VAN], [DTB], [XEPLOAI]) VALUES (N'00818', 9, 6, 9, 7, NULL, NULL)
INSERT [dbo].[DIEM] ([MAHS], [TOAN], [LY], [HOA], [VAN], [DTB], [XEPLOAI]) VALUES (N'00822', 7.5, 7.5, 7, 8.5, NULL, NULL)
INSERT [dbo].[DIEM] ([MAHS], [TOAN], [LY], [HOA], [VAN], [DTB], [XEPLOAI]) VALUES (N'00823', 6.5, 8.5, 5, 6, NULL, NULL)
INSERT [dbo].[DIEM] ([MAHS], [TOAN], [LY], [HOA], [VAN], [DTB], [XEPLOAI]) VALUES (N'00824', 7, 6, 9, 7.5, NULL, NULL)
INSERT [dbo].[DIEM] ([MAHS], [TOAN], [LY], [HOA], [VAN], [DTB], [XEPLOAI]) VALUES (N'00828', 9, 7, 5, 9, NULL, NULL)
INSERT [dbo].[DIEM] ([MAHS], [TOAN], [LY], [HOA], [VAN], [DTB], [XEPLOAI]) VALUES (N'00829', 7.5, 7, 8.5, 9, NULL, NULL)
INSERT [dbo].[DIEM] ([MAHS], [TOAN], [LY], [HOA], [VAN], [DTB], [XEPLOAI]) VALUES (N'00830', 8.5, 7, 6.5, 5.5, NULL, NULL)
INSERT [dbo].[DIEM] ([MAHS], [TOAN], [LY], [HOA], [VAN], [DTB], [XEPLOAI]) VALUES (N'00834', 5.5, 7, 9, 9, NULL, NULL)
INSERT [dbo].[DIEM] ([MAHS], [TOAN], [LY], [HOA], [VAN], [DTB], [XEPLOAI]) VALUES (N'00835', 8.5, 7.5, 5, 9, NULL, NULL)
INSERT [dbo].[DIEM] ([MAHS], [TOAN], [LY], [HOA], [VAN], [DTB], [XEPLOAI]) VALUES (N'00836', 7, 8.5, 8, 7, NULL, NULL)
INSERT [dbo].[DIEM] ([MAHS], [TOAN], [LY], [HOA], [VAN], [DTB], [XEPLOAI]) VALUES (N'00839', 8.5, 9, 5, 5.5, NULL, NULL)
INSERT [dbo].[DIEM] ([MAHS], [TOAN], [LY], [HOA], [VAN], [DTB], [XEPLOAI]) VALUES (N'00840', 8, 6.5, 8, 7, NULL, NULL)
INSERT [dbo].[DIEM] ([MAHS], [TOAN], [LY], [HOA], [VAN], [DTB], [XEPLOAI]) VALUES (N'00841', 8, 7, 8.5, 6.5, NULL, NULL)
INSERT [dbo].[DIEM] ([MAHS], [TOAN], [LY], [HOA], [VAN], [DTB], [XEPLOAI]) VALUES (N'00845', 8.5, 8, 6, 7, NULL, NULL)
INSERT [dbo].[DIEM] ([MAHS], [TOAN], [LY], [HOA], [VAN], [DTB], [XEPLOAI]) VALUES (N'00846', 8.5, 8, 9.5, 8.5, NULL, NULL)
INSERT [dbo].[DIEM] ([MAHS], [TOAN], [LY], [HOA], [VAN], [DTB], [XEPLOAI]) VALUES (N'00847', 6.5, 5.5, 6.5, 5, NULL, NULL)
INSERT [dbo].[DIEM] ([MAHS], [TOAN], [LY], [HOA], [VAN], [DTB], [XEPLOAI]) VALUES (N'00851', 8, 6, 8.5, 8, NULL, NULL)
INSERT [dbo].[DIEM] ([MAHS], [TOAN], [LY], [HOA], [VAN], [DTB], [XEPLOAI]) VALUES (N'00852', 9.5, 5.5, 7.5, 9, NULL, NULL)
INSERT [dbo].[DIEM] ([MAHS], [TOAN], [LY], [HOA], [VAN], [DTB], [XEPLOAI]) VALUES (N'00853', 9.5, 9, 6, 7.5, NULL, NULL)
INSERT [dbo].[DIEM] ([MAHS], [TOAN], [LY], [HOA], [VAN], [DTB], [XEPLOAI]) VALUES (N'00857', 5.5, 7.5, 6.5, 8, NULL, NULL)
INSERT [dbo].[DIEM] ([MAHS], [TOAN], [LY], [HOA], [VAN], [DTB], [XEPLOAI]) VALUES (N'00858', 8, 8, 7, 8.5, NULL, NULL)
INSERT [dbo].[DIEM] ([MAHS], [TOAN], [LY], [HOA], [VAN], [DTB], [XEPLOAI]) VALUES (N'00859', 7, 5.5, 8.5, 6, NULL, NULL)
INSERT [dbo].[DIEM] ([MAHS], [TOAN], [LY], [HOA], [VAN], [DTB], [XEPLOAI]) VALUES (N'00863', 5, 6, 6, 8, NULL, NULL)
INSERT [dbo].[DIEM] ([MAHS], [TOAN], [LY], [HOA], [VAN], [DTB], [XEPLOAI]) VALUES (N'00864', 6.5, 7, 7.5, 8, NULL, NULL)
INSERT [dbo].[DIEM] ([MAHS], [TOAN], [LY], [HOA], [VAN], [DTB], [XEPLOAI]) VALUES (N'00865', 6, 6, 5, 7, NULL, NULL)
INSERT [dbo].[DIEM] ([MAHS], [TOAN], [LY], [HOA], [VAN], [DTB], [XEPLOAI]) VALUES (N'00869', 9, 9, 6, 7, NULL, NULL)
INSERT [dbo].[DIEM] ([MAHS], [TOAN], [LY], [HOA], [VAN], [DTB], [XEPLOAI]) VALUES (N'00870', 8, 6.5, 7.5, 5.5, NULL, NULL)
INSERT [dbo].[DIEM] ([MAHS], [TOAN], [LY], [HOA], [VAN], [DTB], [XEPLOAI]) VALUES (N'00871', 5.5, 9.5, 5.5, 9, NULL, NULL)
INSERT [dbo].[DIEM] ([MAHS], [TOAN], [LY], [HOA], [VAN], [DTB], [XEPLOAI]) VALUES (N'00875', 7, 8, 8, 8.5, NULL, NULL)
INSERT [dbo].[DIEM] ([MAHS], [TOAN], [LY], [HOA], [VAN], [DTB], [XEPLOAI]) VALUES (N'00876', 8.5, 7, 7.5, 7, NULL, NULL)
INSERT [dbo].[DIEM] ([MAHS], [TOAN], [LY], [HOA], [VAN], [DTB], [XEPLOAI]) VALUES (N'00877', 6, 7.5, 9, 6, NULL, NULL)
INSERT [dbo].[DIEM] ([MAHS], [TOAN], [LY], [HOA], [VAN], [DTB], [XEPLOAI]) VALUES (N'00881', 6.5, 7.5, 5.5, 8, NULL, NULL)
INSERT [dbo].[DIEM] ([MAHS], [TOAN], [LY], [HOA], [VAN], [DTB], [XEPLOAI]) VALUES (N'00882', 9.5, 7, 9.5, 7, NULL, NULL)
INSERT [dbo].[DIEM] ([MAHS], [TOAN], [LY], [HOA], [VAN], [DTB], [XEPLOAI]) VALUES (N'00883', 5.5, 8.5, 7, 8, NULL, NULL)
INSERT [dbo].[DIEM] ([MAHS], [TOAN], [LY], [HOA], [VAN], [DTB], [XEPLOAI]) VALUES (N'00887', 6.5, 6, 5.5, 7.5, NULL, NULL)
INSERT [dbo].[DIEM] ([MAHS], [TOAN], [LY], [HOA], [VAN], [DTB], [XEPLOAI]) VALUES (N'00892', 5.5, 8.5, 5, 7.5, NULL, NULL)
INSERT [dbo].[DIEM] ([MAHS], [TOAN], [LY], [HOA], [VAN], [DTB], [XEPLOAI]) VALUES (N'00893', 9.5, 7, 5.5, 5, NULL, NULL)
INSERT [dbo].[DIEM] ([MAHS], [TOAN], [LY], [HOA], [VAN], [DTB], [XEPLOAI]) VALUES (N'00898', 5.5, 5.5, 9.5, 9, NULL, NULL)
INSERT [dbo].[DIEM] ([MAHS], [TOAN], [LY], [HOA], [VAN], [DTB], [XEPLOAI]) VALUES (N'00899', 8.5, 7, 9, 7, NULL, NULL)
INSERT [dbo].[DIEM] ([MAHS], [TOAN], [LY], [HOA], [VAN], [DTB], [XEPLOAI]) VALUES (N'00904', 7, 5.5, 5, 8.5, NULL, NULL)
INSERT [dbo].[DIEM] ([MAHS], [TOAN], [LY], [HOA], [VAN], [DTB], [XEPLOAI]) VALUES (N'00905', 8, 9, 5.5, 6.5, NULL, NULL)
INSERT [dbo].[DIEM] ([MAHS], [TOAN], [LY], [HOA], [VAN], [DTB], [XEPLOAI]) VALUES (N'00910', 8.5, 8, 7, 6, NULL, NULL)
INSERT [dbo].[DIEM] ([MAHS], [TOAN], [LY], [HOA], [VAN], [DTB], [XEPLOAI]) VALUES (N'00911', 6, 6.5, 8, 9, NULL, NULL)
INSERT [dbo].[DIEM] ([MAHS], [TOAN], [LY], [HOA], [VAN], [DTB], [XEPLOAI]) VALUES (N'00916', 5.5, 7.5, 7, 7, NULL, NULL)
INSERT [dbo].[DIEM] ([MAHS], [TOAN], [LY], [HOA], [VAN], [DTB], [XEPLOAI]) VALUES (N'00917', 7, 8, 6, 9, NULL, NULL)
INSERT [dbo].[DIEM] ([MAHS], [TOAN], [LY], [HOA], [VAN], [DTB], [XEPLOAI]) VALUES (N'00922', 6.5, 5, 9, 7.5, NULL, NULL)
INSERT [dbo].[DIEM] ([MAHS], [TOAN], [LY], [HOA], [VAN], [DTB], [XEPLOAI]) VALUES (N'00923', 8.5, 5.5, 6.5, 7.5, NULL, NULL)
INSERT [dbo].[DIEM] ([MAHS], [TOAN], [LY], [HOA], [VAN], [DTB], [XEPLOAI]) VALUES (N'00928', 7, 8, 7.5, 8.5, NULL, NULL)
INSERT [dbo].[DIEM] ([MAHS], [TOAN], [LY], [HOA], [VAN], [DTB], [XEPLOAI]) VALUES (N'00929', 7, 8.5, 5.5, 9, NULL, NULL)
INSERT [dbo].[DIEM] ([MAHS], [TOAN], [LY], [HOA], [VAN], [DTB], [XEPLOAI]) VALUES (N'00935', 5.5, 9.5, 6, 7.5, NULL, NULL)
INSERT [dbo].[DIEM] ([MAHS], [TOAN], [LY], [HOA], [VAN], [DTB], [XEPLOAI]) VALUES (N'00936', 7, 7.5, 5, 5.5, NULL, NULL)
INSERT [dbo].[DIEM] ([MAHS], [TOAN], [LY], [HOA], [VAN], [DTB], [XEPLOAI]) VALUES (N'00940', 8.5, 5.5, 8.5, 6.5, NULL, NULL)
INSERT [dbo].[DIEM] ([MAHS], [TOAN], [LY], [HOA], [VAN], [DTB], [XEPLOAI]) VALUES (N'00944', 9, 8, 8.5, 9, NULL, NULL)
INSERT [dbo].[DIEM] ([MAHS], [TOAN], [LY], [HOA], [VAN], [DTB], [XEPLOAI]) VALUES (N'00945', 7.5, 7.5, 6, 6, NULL, NULL)
INSERT [dbo].[DIEM] ([MAHS], [TOAN], [LY], [HOA], [VAN], [DTB], [XEPLOAI]) VALUES (N'00946', 6, 5.5, 6, 6.5, NULL, NULL)
INSERT [dbo].[DIEM] ([MAHS], [TOAN], [LY], [HOA], [VAN], [DTB], [XEPLOAI]) VALUES (N'00950', 5.5, 5.5, 7, 9, NULL, NULL)
INSERT [dbo].[DIEM] ([MAHS], [TOAN], [LY], [HOA], [VAN], [DTB], [XEPLOAI]) VALUES (N'00951', 8, 9.5, 8, 7.5, NULL, NULL)
INSERT [dbo].[DIEM] ([MAHS], [TOAN], [LY], [HOA], [VAN], [DTB], [XEPLOAI]) VALUES (N'00956', 9.5, 9.5, 9, 5, NULL, NULL)
INSERT [dbo].[DIEM] ([MAHS], [TOAN], [LY], [HOA], [VAN], [DTB], [XEPLOAI]) VALUES (N'00957', 9, 5, 5, 6.5, NULL, NULL)
INSERT [dbo].[DIEM] ([MAHS], [TOAN], [LY], [HOA], [VAN], [DTB], [XEPLOAI]) VALUES (N'00962', 9.5, 6.5, 8.5, 8, NULL, NULL)
INSERT [dbo].[DIEM] ([MAHS], [TOAN], [LY], [HOA], [VAN], [DTB], [XEPLOAI]) VALUES (N'00963', 9.5, 5.5, 6.5, 6.5, NULL, NULL)
INSERT [dbo].[DIEM] ([MAHS], [TOAN], [LY], [HOA], [VAN], [DTB], [XEPLOAI]) VALUES (N'00968', 6.5, 7, 5, 6, NULL, NULL)
INSERT [dbo].[DIEM] ([MAHS], [TOAN], [LY], [HOA], [VAN], [DTB], [XEPLOAI]) VALUES (N'00969', 8, 7, 6, 5.5, NULL, NULL)
INSERT [dbo].[DIEM] ([MAHS], [TOAN], [LY], [HOA], [VAN], [DTB], [XEPLOAI]) VALUES (N'00974', 9.5, 5.5, 6, 6.5, NULL, NULL)
INSERT [dbo].[DIEM] ([MAHS], [TOAN], [LY], [HOA], [VAN], [DTB], [XEPLOAI]) VALUES (N'00975', 9, 5, 6.5, 6.5, NULL, NULL)
INSERT [dbo].[DIEM] ([MAHS], [TOAN], [LY], [HOA], [VAN], [DTB], [XEPLOAI]) VALUES (N'00980', 6, 8, 6, 9, NULL, NULL)
INSERT [dbo].[DIEM] ([MAHS], [TOAN], [LY], [HOA], [VAN], [DTB], [XEPLOAI]) VALUES (N'00981', 5, 8, 7.5, 7.5, NULL, NULL)
INSERT [dbo].[DIEM] ([MAHS], [TOAN], [LY], [HOA], [VAN], [DTB], [XEPLOAI]) VALUES (N'00986', 9, 9, 8.5, 5, NULL, NULL)
INSERT [dbo].[DIEM] ([MAHS], [TOAN], [LY], [HOA], [VAN], [DTB], [XEPLOAI]) VALUES (N'00987', 7.5, 5.5, 6.5, 7, NULL, NULL)
INSERT [dbo].[DIEM] ([MAHS], [TOAN], [LY], [HOA], [VAN], [DTB], [XEPLOAI]) VALUES (N'00992', 7, 5.5, 6.5, 9, NULL, NULL)
INSERT [dbo].[DIEM] ([MAHS], [TOAN], [LY], [HOA], [VAN], [DTB], [XEPLOAI]) VALUES (N'00993', 6, 6, 8, 6, NULL, NULL)
INSERT [dbo].[DIEM] ([MAHS], [TOAN], [LY], [HOA], [VAN], [DTB], [XEPLOAI]) VALUES (N'00998', 8.5, 7, 8, 9, NULL, NULL)
INSERT [dbo].[DIEM] ([MAHS], [TOAN], [LY], [HOA], [VAN], [DTB], [XEPLOAI]) VALUES (N'00999', 6.5, 5.5, 9.5, 5.5, NULL, NULL)
INSERT [dbo].[DIEM] ([MAHS], [TOAN], [LY], [HOA], [VAN], [DTB], [XEPLOAI]) VALUES (N'01004', 5, 6.5, 9.5, 6.5, NULL, NULL)
INSERT [dbo].[DIEM] ([MAHS], [TOAN], [LY], [HOA], [VAN], [DTB], [XEPLOAI]) VALUES (N'01005', 9.5, 5, 9, 8, NULL, NULL)
INSERT [dbo].[DIEM] ([MAHS], [TOAN], [LY], [HOA], [VAN], [DTB], [XEPLOAI]) VALUES (N'12121', 7, 7, 7, 7, NULL, NULL)
INSERT [dbo].[DIEM] ([MAHS], [TOAN], [LY], [HOA], [VAN], [DTB], [XEPLOAI]) VALUES (N'12122', 8, 8, 7, 7, NULL, NULL)
GO
INSERT [dbo].[DIEM] ([MAHS], [TOAN], [LY], [HOA], [VAN], [DTB], [XEPLOAI]) VALUES (N'12345', 8, 8, 8, 8, NULL, NULL)
INSERT [dbo].[DIEM] ([MAHS], [TOAN], [LY], [HOA], [VAN], [DTB], [XEPLOAI]) VALUES (N'21104', 8, 8, 8, 9, NULL, NULL)
INSERT [dbo].[DIEM] ([MAHS], [TOAN], [LY], [HOA], [VAN], [DTB], [XEPLOAI]) VALUES (N'21105', 8, 8, 8, 9, NULL, NULL)
INSERT [dbo].[DIEM] ([MAHS], [TOAN], [LY], [HOA], [VAN], [DTB], [XEPLOAI]) VALUES (N'22222', 7, 7, 7, 7, NULL, NULL)
INSERT [dbo].[DIEM] ([MAHS], [TOAN], [LY], [HOA], [VAN], [DTB], [XEPLOAI]) VALUES (N'23231', 8, 6, 5, 5, 6, NULL)
INSERT [dbo].[DIEM] ([MAHS], [TOAN], [LY], [HOA], [VAN], [DTB], [XEPLOAI]) VALUES (N'23232', 10, 8, 3, 6, NULL, NULL)
GO
INSERT [dbo].[DSHS] ([MAHS], [HO], [TEN], [NU], [NGAYSINH], [MALOP], [GHICHU], [XEPLOAI]) VALUES (N'00001', N'Nguyen Van', N'Nam', 0, CAST(N'1974-04-06T00:00:00.000' AS DateTime), N'10A2', N'Chuy?n tru?ng t? ngàyNov  6 202', N'luu ban')
INSERT [dbo].[DSHS] ([MAHS], [HO], [TEN], [NU], [NGAYSINH], [MALOP], [GHICHU], [XEPLOAI]) VALUES (N'00008', N'Tran Thanh', N'Phong', 0, CAST(N'1974-03-23T00:00:00.000' AS DateTime), N'10A1', NULL, NULL)
INSERT [dbo].[DSHS] ([MAHS], [HO], [TEN], [NU], [NGAYSINH], [MALOP], [GHICHU], [XEPLOAI]) VALUES (N'00013', N'Nguyen Minh', N'Quang', 0, CAST(N'1975-07-12T00:00:00.000' AS DateTime), N'10A2', N'chuyển trường từ ngày Oct 26 202', NULL)
INSERT [dbo].[DSHS] ([MAHS], [HO], [TEN], [NU], [NGAYSINH], [MALOP], [GHICHU], [XEPLOAI]) VALUES (N'00014', N'Trang Phi', N'Hùng', 0, CAST(N'1975-11-04T00:00:00.000' AS DateTime), N'10A2', NULL, NULL)
INSERT [dbo].[DSHS] ([MAHS], [HO], [TEN], [NU], [NGAYSINH], [MALOP], [GHICHU], [XEPLOAI]) VALUES (N'00019', N'Nguyen Kim', N'Toan', 1, CAST(N'1975-07-09T00:00:00.000' AS DateTime), N'10A1', NULL, NULL)
INSERT [dbo].[DSHS] ([MAHS], [HO], [TEN], [NU], [NGAYSINH], [MALOP], [GHICHU], [XEPLOAI]) VALUES (N'00020', N'Nguyen Bich', N'Lien', 1, CAST(N'1975-05-29T00:00:00.000' AS DateTime), N'10A1', N'Chuyển trường', NULL)
INSERT [dbo].[DSHS] ([MAHS], [HO], [TEN], [NU], [NGAYSINH], [MALOP], [GHICHU], [XEPLOAI]) VALUES (N'00025', N'Luu Vu', N'Cam', 0, CAST(N'1975-08-23T00:00:00.000' AS DateTime), N'10A1', N'Chuyen truong tu ngay 29/10/2020', NULL)
INSERT [dbo].[DSHS] ([MAHS], [HO], [TEN], [NU], [NGAYSINH], [MALOP], [GHICHU], [XEPLOAI]) VALUES (N'00026', N'Doan Duc', N'Chi', 0, CAST(N'1974-10-27T00:00:00.000' AS DateTime), N'10A1', N'Chuyen truong tu ngay 29/10/2020', NULL)
INSERT [dbo].[DSHS] ([MAHS], [HO], [TEN], [NU], [NGAYSINH], [MALOP], [GHICHU], [XEPLOAI]) VALUES (N'00031', N'Nguyen Van', N'Doai', 0, CAST(N'1975-08-14T00:00:00.000' AS DateTime), N'10A1', NULL, NULL)
INSERT [dbo].[DSHS] ([MAHS], [HO], [TEN], [NU], [NGAYSINH], [MALOP], [GHICHU], [XEPLOAI]) VALUES (N'00032', N'Lam Van', N'Xia', 0, CAST(N'1975-01-03T00:00:00.000' AS DateTime), N'10A1', NULL, NULL)
INSERT [dbo].[DSHS] ([MAHS], [HO], [TEN], [NU], [NGAYSINH], [MALOP], [GHICHU], [XEPLOAI]) VALUES (N'00037', N'Tran', N'Khiem', 0, CAST(N'1974-12-06T00:00:00.000' AS DateTime), N'10A1', NULL, NULL)
INSERT [dbo].[DSHS] ([MAHS], [HO], [TEN], [NU], [NGAYSINH], [MALOP], [GHICHU], [XEPLOAI]) VALUES (N'00038', N'Le Bich', N'Phuong', 1, CAST(N'1974-07-26T00:00:00.000' AS DateTime), N'10A1', NULL, NULL)
INSERT [dbo].[DSHS] ([MAHS], [HO], [TEN], [NU], [NGAYSINH], [MALOP], [GHICHU], [XEPLOAI]) VALUES (N'00043', N'Pham Hoai', N'Bong', 0, CAST(N'1973-10-13T00:00:00.000' AS DateTime), N'10A1', NULL, N'Lên lớp')
INSERT [dbo].[DSHS] ([MAHS], [HO], [TEN], [NU], [NGAYSINH], [MALOP], [GHICHU], [XEPLOAI]) VALUES (N'00044', N'Vu Thi My', N'Linh', 1, CAST(N'1974-06-24T00:00:00.000' AS DateTime), N'10A1', N'Chuyển trường', NULL)
INSERT [dbo].[DSHS] ([MAHS], [HO], [TEN], [NU], [NGAYSINH], [MALOP], [GHICHU], [XEPLOAI]) VALUES (N'00049', N'Ma Thi Hong', N'Xuan', 1, CAST(N'1974-10-21T00:00:00.000' AS DateTime), N'10A1', NULL, NULL)
INSERT [dbo].[DSHS] ([MAHS], [HO], [TEN], [NU], [NGAYSINH], [MALOP], [GHICHU], [XEPLOAI]) VALUES (N'00053', N'Luong Khai', N'Truyen', 0, CAST(N'1974-12-12T00:00:00.000' AS DateTime), N'10A2', NULL, NULL)
INSERT [dbo].[DSHS] ([MAHS], [HO], [TEN], [NU], [NGAYSINH], [MALOP], [GHICHU], [XEPLOAI]) VALUES (N'00054', N'Do Van', N'Thanh', 0, CAST(N'1974-11-10T00:00:00.000' AS DateTime), N'10A2', NULL, NULL)
INSERT [dbo].[DSHS] ([MAHS], [HO], [TEN], [NU], [NGAYSINH], [MALOP], [GHICHU], [XEPLOAI]) VALUES (N'00059', N'Nguyen Thanh', N'Thu', 0, CAST(N'1975-05-11T00:00:00.000' AS DateTime), N'10A2', NULL, NULL)
INSERT [dbo].[DSHS] ([MAHS], [HO], [TEN], [NU], [NGAYSINH], [MALOP], [GHICHU], [XEPLOAI]) VALUES (N'00060', N'Nguyen Truong', N'Son', 0, CAST(N'1975-08-07T00:00:00.000' AS DateTime), N'10A2', NULL, NULL)
INSERT [dbo].[DSHS] ([MAHS], [HO], [TEN], [NU], [NGAYSINH], [MALOP], [GHICHU], [XEPLOAI]) VALUES (N'00066', N'Pham Gia', N'Hạnh', 0, CAST(N'1974-01-12T00:00:00.000' AS DateTime), N'10A3', NULL, NULL)
INSERT [dbo].[DSHS] ([MAHS], [HO], [TEN], [NU], [NGAYSINH], [MALOP], [GHICHU], [XEPLOAI]) VALUES (N'00067', N'Ho Thi', N'Dung', 1, CAST(N'1975-04-21T00:00:00.000' AS DateTime), N'10A3', NULL, NULL)
INSERT [dbo].[DSHS] ([MAHS], [HO], [TEN], [NU], [NGAYSINH], [MALOP], [GHICHU], [XEPLOAI]) VALUES (N'00072', N'Tran Van', N'Tuc', 0, CAST(N'1974-08-28T00:00:00.000' AS DateTime), N'10A3', NULL, NULL)
INSERT [dbo].[DSHS] ([MAHS], [HO], [TEN], [NU], [NGAYSINH], [MALOP], [GHICHU], [XEPLOAI]) VALUES (N'00073', N'Nguyen Yen', N'Phuong', 0, CAST(N'1974-02-08T00:00:00.000' AS DateTime), N'10A3', NULL, NULL)
INSERT [dbo].[DSHS] ([MAHS], [HO], [TEN], [NU], [NGAYSINH], [MALOP], [GHICHU], [XEPLOAI]) VALUES (N'00078', N'Nguyen Manh', N'Hung', 0, CAST(N'1974-06-11T00:00:00.000' AS DateTime), N'10A3', NULL, NULL)
INSERT [dbo].[DSHS] ([MAHS], [HO], [TEN], [NU], [NGAYSINH], [MALOP], [GHICHU], [XEPLOAI]) VALUES (N'00079', N'Thai Dinh', N'Huong', 0, CAST(N'1975-01-04T00:00:00.000' AS DateTime), N'10A3', NULL, NULL)
INSERT [dbo].[DSHS] ([MAHS], [HO], [TEN], [NU], [NGAYSINH], [MALOP], [GHICHU], [XEPLOAI]) VALUES (N'00084', N'Hoang Trong', N'Quyen', 0, CAST(N'1974-06-18T00:00:00.000' AS DateTime), N'10A3', NULL, NULL)
INSERT [dbo].[DSHS] ([MAHS], [HO], [TEN], [NU], [NGAYSINH], [MALOP], [GHICHU], [XEPLOAI]) VALUES (N'00085', N'Do Thanh', N'Han', 0, CAST(N'1975-04-15T00:00:00.000' AS DateTime), N'10A3', NULL, NULL)
INSERT [dbo].[DSHS] ([MAHS], [HO], [TEN], [NU], [NGAYSINH], [MALOP], [GHICHU], [XEPLOAI]) VALUES (N'00090', N'Dang Ngoc', N'Sinh', 0, CAST(N'1974-08-28T00:00:00.000' AS DateTime), N'10A3', NULL, NULL)
INSERT [dbo].[DSHS] ([MAHS], [HO], [TEN], [NU], [NGAYSINH], [MALOP], [GHICHU], [XEPLOAI]) VALUES (N'00091', N'Nguyen Thi My', N'Hoa', 1, CAST(N'1975-08-20T00:00:00.000' AS DateTime), N'10A3', NULL, NULL)
INSERT [dbo].[DSHS] ([MAHS], [HO], [TEN], [NU], [NGAYSINH], [MALOP], [GHICHU], [XEPLOAI]) VALUES (N'00096', N'Duong Van', N'Ninh', 0, CAST(N'1975-08-18T00:00:00.000' AS DateTime), N'10A3', NULL, NULL)
INSERT [dbo].[DSHS] ([MAHS], [HO], [TEN], [NU], [NGAYSINH], [MALOP], [GHICHU], [XEPLOAI]) VALUES (N'00097', N'Tran Thi THanh', N'Hoan', 0, CAST(N'1975-03-17T00:00:00.000' AS DateTime), N'10A3', NULL, NULL)
INSERT [dbo].[DSHS] ([MAHS], [HO], [TEN], [NU], [NGAYSINH], [MALOP], [GHICHU], [XEPLOAI]) VALUES (N'00102', N'Dang Van', N'Che', 0, CAST(N'1975-03-29T00:00:00.000' AS DateTime), N'10A3', NULL, NULL)
INSERT [dbo].[DSHS] ([MAHS], [HO], [TEN], [NU], [NGAYSINH], [MALOP], [GHICHU], [XEPLOAI]) VALUES (N'00103', N'Nguyen Thien', N'Thuat', 0, CAST(N'1975-10-28T00:00:00.000' AS DateTime), N'10A3', NULL, NULL)
INSERT [dbo].[DSHS] ([MAHS], [HO], [TEN], [NU], [NGAYSINH], [MALOP], [GHICHU], [XEPLOAI]) VALUES (N'00108', N'Nguyen Phuc', N'Hung', 0, CAST(N'1975-04-12T00:00:00.000' AS DateTime), N'10A3', NULL, NULL)
INSERT [dbo].[DSHS] ([MAHS], [HO], [TEN], [NU], [NGAYSINH], [MALOP], [GHICHU], [XEPLOAI]) VALUES (N'00109', N'Doan Dinh', N'Doi', 0, CAST(N'1973-11-11T00:00:00.000' AS DateTime), N'10A3', NULL, NULL)
INSERT [dbo].[DSHS] ([MAHS], [HO], [TEN], [NU], [NGAYSINH], [MALOP], [GHICHU], [XEPLOAI]) VALUES (N'00114', N'Nguyen Van', N'Trieu', 0, CAST(N'1974-12-31T00:00:00.000' AS DateTime), N'10A3', NULL, NULL)
INSERT [dbo].[DSHS] ([MAHS], [HO], [TEN], [NU], [NGAYSINH], [MALOP], [GHICHU], [XEPLOAI]) VALUES (N'00115', N'Do Thi', N'Tin', 1, CAST(N'1975-03-21T00:00:00.000' AS DateTime), N'10A3', NULL, NULL)
INSERT [dbo].[DSHS] ([MAHS], [HO], [TEN], [NU], [NGAYSINH], [MALOP], [GHICHU], [XEPLOAI]) VALUES (N'00120', N'Nguyen Kim', N'Hoang', 0, CAST(N'1973-12-17T00:00:00.000' AS DateTime), N'10A3', NULL, NULL)
INSERT [dbo].[DSHS] ([MAHS], [HO], [TEN], [NU], [NGAYSINH], [MALOP], [GHICHU], [XEPLOAI]) VALUES (N'00121', N'Tran Thanh', N'Hoa', 1, CAST(N'1975-06-29T00:00:00.000' AS DateTime), N'10A3', NULL, NULL)
INSERT [dbo].[DSHS] ([MAHS], [HO], [TEN], [NU], [NGAYSINH], [MALOP], [GHICHU], [XEPLOAI]) VALUES (N'00126', N'Tran Thi', N'Nguyet', 1, CAST(N'1974-11-07T00:00:00.000' AS DateTime), N'10A3', NULL, NULL)
INSERT [dbo].[DSHS] ([MAHS], [HO], [TEN], [NU], [NGAYSINH], [MALOP], [GHICHU], [XEPLOAI]) VALUES (N'00127', N'Lai Thi Kim', N'Oanh', 1, CAST(N'1974-05-11T00:00:00.000' AS DateTime), N'10A3', NULL, NULL)
INSERT [dbo].[DSHS] ([MAHS], [HO], [TEN], [NU], [NGAYSINH], [MALOP], [GHICHU], [XEPLOAI]) VALUES (N'00132', N'Tran Thi', N'Thinh', 1, CAST(N'1974-04-23T00:00:00.000' AS DateTime), N'10A3', NULL, NULL)
INSERT [dbo].[DSHS] ([MAHS], [HO], [TEN], [NU], [NGAYSINH], [MALOP], [GHICHU], [XEPLOAI]) VALUES (N'00133', N'Nguyen Huy', N'Thuyet', 0, CAST(N'1975-06-07T00:00:00.000' AS DateTime), N'10A3', NULL, NULL)
INSERT [dbo].[DSHS] ([MAHS], [HO], [TEN], [NU], [NGAYSINH], [MALOP], [GHICHU], [XEPLOAI]) VALUES (N'00136', N'Huynh Kim', N'Ngan', 1, CAST(N'1974-12-24T00:00:00.000' AS DateTime), N'10A4', NULL, NULL)
INSERT [dbo].[DSHS] ([MAHS], [HO], [TEN], [NU], [NGAYSINH], [MALOP], [GHICHU], [XEPLOAI]) VALUES (N'00137', N'Nguyen Thi', N'Ro', 1, CAST(N'1975-10-14T00:00:00.000' AS DateTime), N'10A4', NULL, NULL)
INSERT [dbo].[DSHS] ([MAHS], [HO], [TEN], [NU], [NGAYSINH], [MALOP], [GHICHU], [XEPLOAI]) VALUES (N'00142', N'Nguyen Thu', N'Nga', 1, CAST(N'1975-03-04T00:00:00.000' AS DateTime), N'10A4', NULL, NULL)
INSERT [dbo].[DSHS] ([MAHS], [HO], [TEN], [NU], [NGAYSINH], [MALOP], [GHICHU], [XEPLOAI]) VALUES (N'00143', N'Nguyen Thi', N'Cat', 1, CAST(N'1974-10-14T00:00:00.000' AS DateTime), N'10A4', NULL, NULL)
INSERT [dbo].[DSHS] ([MAHS], [HO], [TEN], [NU], [NGAYSINH], [MALOP], [GHICHU], [XEPLOAI]) VALUES (N'00147', N'Tran Thuy Y', N'Mien', 1, CAST(N'1974-10-21T00:00:00.000' AS DateTime), N'10A4', NULL, NULL)
INSERT [dbo].[DSHS] ([MAHS], [HO], [TEN], [NU], [NGAYSINH], [MALOP], [GHICHU], [XEPLOAI]) VALUES (N'00148', N'vu Thi', N'Them', 1, CAST(N'1975-02-21T00:00:00.000' AS DateTime), N'10A4', NULL, NULL)
INSERT [dbo].[DSHS] ([MAHS], [HO], [TEN], [NU], [NGAYSINH], [MALOP], [GHICHU], [XEPLOAI]) VALUES (N'00149', N'Nguyen Chi', N'My', 0, CAST(N'1975-07-21T00:00:00.000' AS DateTime), N'10A4', NULL, NULL)
INSERT [dbo].[DSHS] ([MAHS], [HO], [TEN], [NU], [NGAYSINH], [MALOP], [GHICHU], [XEPLOAI]) VALUES (N'00153', N'Ha Son', N'Tri', 0, CAST(N'1974-08-29T00:00:00.000' AS DateTime), N'10A4', NULL, NULL)
INSERT [dbo].[DSHS] ([MAHS], [HO], [TEN], [NU], [NGAYSINH], [MALOP], [GHICHU], [XEPLOAI]) VALUES (N'00154', N'Duong Vinh', N'Ly', 0, CAST(N'1975-07-04T00:00:00.000' AS DateTime), N'10A4', NULL, NULL)
INSERT [dbo].[DSHS] ([MAHS], [HO], [TEN], [NU], [NGAYSINH], [MALOP], [GHICHU], [XEPLOAI]) VALUES (N'00155', N'Huynh Kim', N'Ket', 1, CAST(N'1975-07-19T00:00:00.000' AS DateTime), N'10A4', NULL, NULL)
INSERT [dbo].[DSHS] ([MAHS], [HO], [TEN], [NU], [NGAYSINH], [MALOP], [GHICHU], [XEPLOAI]) VALUES (N'00159', N'Tang My', N'Hanh', 1, CAST(N'1973-10-30T00:00:00.000' AS DateTime), N'10A4', NULL, NULL)
INSERT [dbo].[DSHS] ([MAHS], [HO], [TEN], [NU], [NGAYSINH], [MALOP], [GHICHU], [XEPLOAI]) VALUES (N'00160', N'Dinh Minh', N'Hien', 1, CAST(N'1974-11-02T00:00:00.000' AS DateTime), N'10A4', NULL, NULL)
INSERT [dbo].[DSHS] ([MAHS], [HO], [TEN], [NU], [NGAYSINH], [MALOP], [GHICHU], [XEPLOAI]) VALUES (N'00161', N'Nguyen Thi', N'Tam', 1, CAST(N'1975-02-21T00:00:00.000' AS DateTime), N'10A4', NULL, NULL)
INSERT [dbo].[DSHS] ([MAHS], [HO], [TEN], [NU], [NGAYSINH], [MALOP], [GHICHU], [XEPLOAI]) VALUES (N'00166', N'Vu Thi', N'Cai', 1, CAST(N'1975-07-25T00:00:00.000' AS DateTime), N'10A4', NULL, NULL)
INSERT [dbo].[DSHS] ([MAHS], [HO], [TEN], [NU], [NGAYSINH], [MALOP], [GHICHU], [XEPLOAI]) VALUES (N'00167', N'Nguyen Thi', N'Lan', 1, CAST(N'1974-01-24T00:00:00.000' AS DateTime), N'10A4', NULL, NULL)
INSERT [dbo].[DSHS] ([MAHS], [HO], [TEN], [NU], [NGAYSINH], [MALOP], [GHICHU], [XEPLOAI]) VALUES (N'00171', N'Tran Thi', N'Tam', 1, CAST(N'1975-02-24T00:00:00.000' AS DateTime), N'10A4', NULL, NULL)
INSERT [dbo].[DSHS] ([MAHS], [HO], [TEN], [NU], [NGAYSINH], [MALOP], [GHICHU], [XEPLOAI]) VALUES (N'00172', N'Ninh Thuy', N'Duong', 1, CAST(N'1974-05-23T00:00:00.000' AS DateTime), N'10A4', NULL, NULL)
INSERT [dbo].[DSHS] ([MAHS], [HO], [TEN], [NU], [NGAYSINH], [MALOP], [GHICHU], [XEPLOAI]) VALUES (N'00173', N'Ngo Ha', N'Van', 1, CAST(N'1975-03-17T00:00:00.000' AS DateTime), N'10A4', NULL, NULL)
INSERT [dbo].[DSHS] ([MAHS], [HO], [TEN], [NU], [NGAYSINH], [MALOP], [GHICHU], [XEPLOAI]) VALUES (N'00177', N'Pham Thi', N'Lua', 1, CAST(N'1974-07-26T00:00:00.000' AS DateTime), N'10A4', NULL, NULL)
INSERT [dbo].[DSHS] ([MAHS], [HO], [TEN], [NU], [NGAYSINH], [MALOP], [GHICHU], [XEPLOAI]) VALUES (N'00178', N'Huynh Bach', N'Cuc', 1, CAST(N'1973-09-23T00:00:00.000' AS DateTime), N'10A4', NULL, NULL)
INSERT [dbo].[DSHS] ([MAHS], [HO], [TEN], [NU], [NGAYSINH], [MALOP], [GHICHU], [XEPLOAI]) VALUES (N'00179', N'Dam Thi', N'Dan', 1, CAST(N'1974-11-28T00:00:00.000' AS DateTime), N'10A4', NULL, NULL)
INSERT [dbo].[DSHS] ([MAHS], [HO], [TEN], [NU], [NGAYSINH], [MALOP], [GHICHU], [XEPLOAI]) VALUES (N'00183', N'Nguyen Thi', N'Tuyet', 1, CAST(N'1974-12-22T00:00:00.000' AS DateTime), N'10A4', NULL, NULL)
INSERT [dbo].[DSHS] ([MAHS], [HO], [TEN], [NU], [NGAYSINH], [MALOP], [GHICHU], [XEPLOAI]) VALUES (N'00184', N'Chu Phuong', N'Nhung', 1, CAST(N'1975-06-03T00:00:00.000' AS DateTime), N'10A4', NULL, NULL)
INSERT [dbo].[DSHS] ([MAHS], [HO], [TEN], [NU], [NGAYSINH], [MALOP], [GHICHU], [XEPLOAI]) VALUES (N'00185', N'Vo Thi', N'Thuy', 1, CAST(N'1975-03-27T00:00:00.000' AS DateTime), N'10A4', NULL, NULL)
INSERT [dbo].[DSHS] ([MAHS], [HO], [TEN], [NU], [NGAYSINH], [MALOP], [GHICHU], [XEPLOAI]) VALUES (N'00189', N'Vu Thi', N'No', 1, CAST(N'1975-04-04T00:00:00.000' AS DateTime), N'10A4', NULL, NULL)
INSERT [dbo].[DSHS] ([MAHS], [HO], [TEN], [NU], [NGAYSINH], [MALOP], [GHICHU], [XEPLOAI]) VALUES (N'00190', N'Tran My', N'Dung', 1, CAST(N'1975-01-14T00:00:00.000' AS DateTime), N'10A4', NULL, NULL)
INSERT [dbo].[DSHS] ([MAHS], [HO], [TEN], [NU], [NGAYSINH], [MALOP], [GHICHU], [XEPLOAI]) VALUES (N'00191', N'Ngo Thi', N'Mai', 1, CAST(N'1974-08-31T00:00:00.000' AS DateTime), N'10A4', NULL, NULL)
INSERT [dbo].[DSHS] ([MAHS], [HO], [TEN], [NU], [NGAYSINH], [MALOP], [GHICHU], [XEPLOAI]) VALUES (N'00197', N'Dao Van', N'Lieu', 0, CAST(N'1974-07-05T00:00:00.000' AS DateTime), N'10A5', NULL, NULL)
INSERT [dbo].[DSHS] ([MAHS], [HO], [TEN], [NU], [NGAYSINH], [MALOP], [GHICHU], [XEPLOAI]) VALUES (N'00198', N'Truong Minh', N'Thang', 0, CAST(N'1975-02-28T00:00:00.000' AS DateTime), N'10A5', NULL, NULL)
INSERT [dbo].[DSHS] ([MAHS], [HO], [TEN], [NU], [NGAYSINH], [MALOP], [GHICHU], [XEPLOAI]) VALUES (N'00199', N'Dao Duc', N'Trinh', 0, CAST(N'1973-09-28T00:00:00.000' AS DateTime), N'10A5', NULL, NULL)
INSERT [dbo].[DSHS] ([MAHS], [HO], [TEN], [NU], [NGAYSINH], [MALOP], [GHICHU], [XEPLOAI]) VALUES (N'00203', N'Le Kim', N'Thoa', 1, CAST(N'1975-04-03T00:00:00.000' AS DateTime), N'10A5', NULL, NULL)
INSERT [dbo].[DSHS] ([MAHS], [HO], [TEN], [NU], [NGAYSINH], [MALOP], [GHICHU], [XEPLOAI]) VALUES (N'00204', N'Huynh Thanh', N'Danh', 0, CAST(N'1973-12-09T00:00:00.000' AS DateTime), N'10A5', NULL, NULL)
INSERT [dbo].[DSHS] ([MAHS], [HO], [TEN], [NU], [NGAYSINH], [MALOP], [GHICHU], [XEPLOAI]) VALUES (N'00205', N'Hoang Van', N'Bac', 0, CAST(N'1975-12-31T00:00:00.000' AS DateTime), N'10A5', NULL, NULL)
INSERT [dbo].[DSHS] ([MAHS], [HO], [TEN], [NU], [NGAYSINH], [MALOP], [GHICHU], [XEPLOAI]) VALUES (N'00209', N'Tran Thi', N'Loan', 1, CAST(N'1974-11-27T00:00:00.000' AS DateTime), N'10A5', NULL, NULL)
INSERT [dbo].[DSHS] ([MAHS], [HO], [TEN], [NU], [NGAYSINH], [MALOP], [GHICHU], [XEPLOAI]) VALUES (N'00210', N'Huynh Thi', N'Cua', 1, CAST(N'1974-09-04T00:00:00.000' AS DateTime), N'10A5', NULL, NULL)
INSERT [dbo].[DSHS] ([MAHS], [HO], [TEN], [NU], [NGAYSINH], [MALOP], [GHICHU], [XEPLOAI]) VALUES (N'00211', N'Nguyen Minh', N'Hanh', 0, CAST(N'1974-11-17T00:00:00.000' AS DateTime), N'10A5', NULL, NULL)
INSERT [dbo].[DSHS] ([MAHS], [HO], [TEN], [NU], [NGAYSINH], [MALOP], [GHICHU], [XEPLOAI]) VALUES (N'00215', N'Tran Thi', N'Nhi', 1, CAST(N'1975-11-20T00:00:00.000' AS DateTime), N'10A5', NULL, NULL)
INSERT [dbo].[DSHS] ([MAHS], [HO], [TEN], [NU], [NGAYSINH], [MALOP], [GHICHU], [XEPLOAI]) VALUES (N'00216', N'Mai Thi', N'Luyen', 1, CAST(N'1974-10-01T00:00:00.000' AS DateTime), N'10A5', NULL, NULL)
INSERT [dbo].[DSHS] ([MAHS], [HO], [TEN], [NU], [NGAYSINH], [MALOP], [GHICHU], [XEPLOAI]) VALUES (N'00217', N'Pham Thi', N'Dao', 1, CAST(N'1974-12-10T00:00:00.000' AS DateTime), N'10A5', NULL, NULL)
INSERT [dbo].[DSHS] ([MAHS], [HO], [TEN], [NU], [NGAYSINH], [MALOP], [GHICHU], [XEPLOAI]) VALUES (N'00220', N'Truong Tuong', N'Lan', 0, CAST(N'1974-02-21T00:00:00.000' AS DateTime), N'10F1', NULL, NULL)
INSERT [dbo].[DSHS] ([MAHS], [HO], [TEN], [NU], [NGAYSINH], [MALOP], [GHICHU], [XEPLOAI]) VALUES (N'00221', N'Lam Ngoc', N'Quan', 0, CAST(N'1974-08-30T00:00:00.000' AS DateTime), N'10F1', NULL, NULL)
INSERT [dbo].[DSHS] ([MAHS], [HO], [TEN], [NU], [NGAYSINH], [MALOP], [GHICHU], [XEPLOAI]) VALUES (N'00222', N'Bui Thi', N'Phuong', 1, CAST(N'1975-02-11T00:00:00.000' AS DateTime), N'10F1', NULL, NULL)
INSERT [dbo].[DSHS] ([MAHS], [HO], [TEN], [NU], [NGAYSINH], [MALOP], [GHICHU], [XEPLOAI]) VALUES (N'00226', N'Nguyen Ngoc', N'Bich', 1, CAST(N'1974-08-28T00:00:00.000' AS DateTime), N'10F1', NULL, NULL)
INSERT [dbo].[DSHS] ([MAHS], [HO], [TEN], [NU], [NGAYSINH], [MALOP], [GHICHU], [XEPLOAI]) VALUES (N'00227', N'Vuong Kim', N'Anh', 1, CAST(N'1975-04-20T00:00:00.000' AS DateTime), N'10F1', NULL, NULL)
INSERT [dbo].[DSHS] ([MAHS], [HO], [TEN], [NU], [NGAYSINH], [MALOP], [GHICHU], [XEPLOAI]) VALUES (N'00228', N'An Ngoc', N'Ho', 1, CAST(N'1975-03-26T00:00:00.000' AS DateTime), N'10F1', NULL, NULL)
INSERT [dbo].[DSHS] ([MAHS], [HO], [TEN], [NU], [NGAYSINH], [MALOP], [GHICHU], [XEPLOAI]) VALUES (N'00232', N'NGuyen Thu', N'Van', 1, CAST(N'1975-09-18T00:00:00.000' AS DateTime), N'10F1', NULL, NULL)
INSERT [dbo].[DSHS] ([MAHS], [HO], [TEN], [NU], [NGAYSINH], [MALOP], [GHICHU], [XEPLOAI]) VALUES (N'00233', N'Do Thi', N'Lap', 1, CAST(N'1974-10-31T00:00:00.000' AS DateTime), N'10F1', NULL, NULL)
INSERT [dbo].[DSHS] ([MAHS], [HO], [TEN], [NU], [NGAYSINH], [MALOP], [GHICHU], [XEPLOAI]) VALUES (N'00234', N'Ho My', N'Dung', 1, CAST(N'1973-11-06T00:00:00.000' AS DateTime), N'10F1', NULL, NULL)
INSERT [dbo].[DSHS] ([MAHS], [HO], [TEN], [NU], [NGAYSINH], [MALOP], [GHICHU], [XEPLOAI]) VALUES (N'00238', N'Phan Mai', N'Phuong', 1, CAST(N'1974-07-13T00:00:00.000' AS DateTime), N'10F1', NULL, NULL)
INSERT [dbo].[DSHS] ([MAHS], [HO], [TEN], [NU], [NGAYSINH], [MALOP], [GHICHU], [XEPLOAI]) VALUES (N'00239', N'Pham Thi', N'Thu', 1, CAST(N'1975-01-28T00:00:00.000' AS DateTime), N'10F1', NULL, NULL)
INSERT [dbo].[DSHS] ([MAHS], [HO], [TEN], [NU], [NGAYSINH], [MALOP], [GHICHU], [XEPLOAI]) VALUES (N'00240', N'Duong Gia', N'Hiep', 1, CAST(N'1975-07-20T00:00:00.000' AS DateTime), N'10F1', NULL, NULL)
INSERT [dbo].[DSHS] ([MAHS], [HO], [TEN], [NU], [NGAYSINH], [MALOP], [GHICHU], [XEPLOAI]) VALUES (N'00245', N'Nguyen Thi', N'Dung', 1, CAST(N'1975-11-27T00:00:00.000' AS DateTime), N'10F1', NULL, NULL)
INSERT [dbo].[DSHS] ([MAHS], [HO], [TEN], [NU], [NGAYSINH], [MALOP], [GHICHU], [XEPLOAI]) VALUES (N'00246', N'Doan Thuy', N'Trang', 1, CAST(N'1975-11-21T00:00:00.000' AS DateTime), N'10F1', NULL, NULL)
INSERT [dbo].[DSHS] ([MAHS], [HO], [TEN], [NU], [NGAYSINH], [MALOP], [GHICHU], [XEPLOAI]) VALUES (N'00247', N'Le Trung', N'Tinh', 0, CAST(N'1974-01-02T00:00:00.000' AS DateTime), N'10F1', NULL, NULL)
INSERT [dbo].[DSHS] ([MAHS], [HO], [TEN], [NU], [NGAYSINH], [MALOP], [GHICHU], [XEPLOAI]) VALUES (N'00251', N'Dang Hong', N'Phien', 0, CAST(N'1974-10-22T00:00:00.000' AS DateTime), N'10F1', NULL, NULL)
INSERT [dbo].[DSHS] ([MAHS], [HO], [TEN], [NU], [NGAYSINH], [MALOP], [GHICHU], [XEPLOAI]) VALUES (N'00252', N'Hoang Van', N'Hoa', 0, CAST(N'1975-01-12T00:00:00.000' AS DateTime), N'10F1', NULL, NULL)
INSERT [dbo].[DSHS] ([MAHS], [HO], [TEN], [NU], [NGAYSINH], [MALOP], [GHICHU], [XEPLOAI]) VALUES (N'00253', N'Ngo Van', N'Thanh', 0, CAST(N'1973-09-03T00:00:00.000' AS DateTime), N'10F1', NULL, NULL)
GO
INSERT [dbo].[DSHS] ([MAHS], [HO], [TEN], [NU], [NGAYSINH], [MALOP], [GHICHU], [XEPLOAI]) VALUES (N'00257', N'Nguyen Van', N'Tien', 0, CAST(N'1974-10-09T00:00:00.000' AS DateTime), N'10F1', NULL, NULL)
INSERT [dbo].[DSHS] ([MAHS], [HO], [TEN], [NU], [NGAYSINH], [MALOP], [GHICHU], [XEPLOAI]) VALUES (N'00258', N'Du Thi Lieu', N'Dung', 1, CAST(N'1975-06-19T00:00:00.000' AS DateTime), N'10F1', NULL, NULL)
INSERT [dbo].[DSHS] ([MAHS], [HO], [TEN], [NU], [NGAYSINH], [MALOP], [GHICHU], [XEPLOAI]) VALUES (N'00259', N'Ho Be', N'Ba', 1, CAST(N'1974-07-23T00:00:00.000' AS DateTime), N'10F1', NULL, NULL)
INSERT [dbo].[DSHS] ([MAHS], [HO], [TEN], [NU], [NGAYSINH], [MALOP], [GHICHU], [XEPLOAI]) VALUES (N'00263', N'Nguyen Thanh', N'Van', 1, CAST(N'1974-07-31T00:00:00.000' AS DateTime), N'10F1', NULL, NULL)
INSERT [dbo].[DSHS] ([MAHS], [HO], [TEN], [NU], [NGAYSINH], [MALOP], [GHICHU], [XEPLOAI]) VALUES (N'00264', N'Vu Kieu', N'Oanh', 1, CAST(N'1975-03-11T00:00:00.000' AS DateTime), N'10F1', NULL, NULL)
INSERT [dbo].[DSHS] ([MAHS], [HO], [TEN], [NU], [NGAYSINH], [MALOP], [GHICHU], [XEPLOAI]) VALUES (N'00265', N'Ngo Van', N'Son', 0, CAST(N'1975-07-10T00:00:00.000' AS DateTime), N'10F1', NULL, NULL)
INSERT [dbo].[DSHS] ([MAHS], [HO], [TEN], [NU], [NGAYSINH], [MALOP], [GHICHU], [XEPLOAI]) VALUES (N'00269', N'An Phuc', N'Tan', 0, CAST(N'1974-12-16T00:00:00.000' AS DateTime), N'10F1', NULL, NULL)
INSERT [dbo].[DSHS] ([MAHS], [HO], [TEN], [NU], [NGAYSINH], [MALOP], [GHICHU], [XEPLOAI]) VALUES (N'00270', N'Nguyen Trong', N'Nghiep', 0, CAST(N'1974-07-22T00:00:00.000' AS DateTime), N'10F1', NULL, NULL)
INSERT [dbo].[DSHS] ([MAHS], [HO], [TEN], [NU], [NGAYSINH], [MALOP], [GHICHU], [XEPLOAI]) VALUES (N'00271', N'Dong Van', N'Khanh', 0, CAST(N'1975-04-24T00:00:00.000' AS DateTime), N'10F1', NULL, NULL)
INSERT [dbo].[DSHS] ([MAHS], [HO], [TEN], [NU], [NGAYSINH], [MALOP], [GHICHU], [XEPLOAI]) VALUES (N'00273', N'Luu Van', N'Tieng', 0, CAST(N'1974-09-21T00:00:00.000' AS DateTime), N'10F2', NULL, NULL)
INSERT [dbo].[DSHS] ([MAHS], [HO], [TEN], [NU], [NGAYSINH], [MALOP], [GHICHU], [XEPLOAI]) VALUES (N'00274', N'Nguyen Trieu', N'Dang', 0, CAST(N'1975-04-04T00:00:00.000' AS DateTime), N'10F2', NULL, NULL)
INSERT [dbo].[DSHS] ([MAHS], [HO], [TEN], [NU], [NGAYSINH], [MALOP], [GHICHU], [XEPLOAI]) VALUES (N'00278', N'Ha Xuan', N'Hien', 0, CAST(N'1975-09-15T00:00:00.000' AS DateTime), N'10F2', NULL, NULL)
INSERT [dbo].[DSHS] ([MAHS], [HO], [TEN], [NU], [NGAYSINH], [MALOP], [GHICHU], [XEPLOAI]) VALUES (N'00279', N'Do Thi', N'Chung', 1, CAST(N'1975-05-20T00:00:00.000' AS DateTime), N'10F2', NULL, NULL)
INSERT [dbo].[DSHS] ([MAHS], [HO], [TEN], [NU], [NGAYSINH], [MALOP], [GHICHU], [XEPLOAI]) VALUES (N'00280', N'Pham Thi', N'Hanh', 1, CAST(N'1975-05-16T00:00:00.000' AS DateTime), N'10F2', NULL, NULL)
INSERT [dbo].[DSHS] ([MAHS], [HO], [TEN], [NU], [NGAYSINH], [MALOP], [GHICHU], [XEPLOAI]) VALUES (N'00284', N'Nguyen Thuy', N'Huong', 1, CAST(N'1974-12-16T00:00:00.000' AS DateTime), N'10F2', NULL, NULL)
INSERT [dbo].[DSHS] ([MAHS], [HO], [TEN], [NU], [NGAYSINH], [MALOP], [GHICHU], [XEPLOAI]) VALUES (N'00285', N'Lam Kim', N'Thuy', 1, CAST(N'1973-09-28T00:00:00.000' AS DateTime), N'10F2', NULL, NULL)
INSERT [dbo].[DSHS] ([MAHS], [HO], [TEN], [NU], [NGAYSINH], [MALOP], [GHICHU], [XEPLOAI]) VALUES (N'00286', N'Hoang Thi', N'Hanh', 1, CAST(N'1974-12-02T00:00:00.000' AS DateTime), N'10F2', NULL, NULL)
INSERT [dbo].[DSHS] ([MAHS], [HO], [TEN], [NU], [NGAYSINH], [MALOP], [GHICHU], [XEPLOAI]) VALUES (N'00290', N'Bui Van', N'Hung', 0, CAST(N'1974-08-27T00:00:00.000' AS DateTime), N'10F2', NULL, NULL)
INSERT [dbo].[DSHS] ([MAHS], [HO], [TEN], [NU], [NGAYSINH], [MALOP], [GHICHU], [XEPLOAI]) VALUES (N'00291', N'Ly Thi Hoa', N'Tham', 1, CAST(N'1974-11-10T00:00:00.000' AS DateTime), N'10F2', NULL, NULL)
INSERT [dbo].[DSHS] ([MAHS], [HO], [TEN], [NU], [NGAYSINH], [MALOP], [GHICHU], [XEPLOAI]) VALUES (N'00292', N'Do My', N'Phuong', 1, CAST(N'1975-03-08T00:00:00.000' AS DateTime), N'10F2', NULL, NULL)
INSERT [dbo].[DSHS] ([MAHS], [HO], [TEN], [NU], [NGAYSINH], [MALOP], [GHICHU], [XEPLOAI]) VALUES (N'00296', N'Du Thi Lieu', N'Hoa', 1, CAST(N'1974-09-21T00:00:00.000' AS DateTime), N'10F2', NULL, NULL)
INSERT [dbo].[DSHS] ([MAHS], [HO], [TEN], [NU], [NGAYSINH], [MALOP], [GHICHU], [XEPLOAI]) VALUES (N'00297', N'Ly Cong', N'Duy', 0, CAST(N'1975-02-16T00:00:00.000' AS DateTime), N'10F2', NULL, NULL)
INSERT [dbo].[DSHS] ([MAHS], [HO], [TEN], [NU], [NGAYSINH], [MALOP], [GHICHU], [XEPLOAI]) VALUES (N'00299', N'Ho Hoang', N'Hai', 0, CAST(N'1974-10-06T00:00:00.000' AS DateTime), N'10N1', NULL, NULL)
INSERT [dbo].[DSHS] ([MAHS], [HO], [TEN], [NU], [NGAYSINH], [MALOP], [GHICHU], [XEPLOAI]) VALUES (N'00300', N'Le Thi', N'Ly', 1, CAST(N'1974-05-30T00:00:00.000' AS DateTime), N'10N1', NULL, NULL)
INSERT [dbo].[DSHS] ([MAHS], [HO], [TEN], [NU], [NGAYSINH], [MALOP], [GHICHU], [XEPLOAI]) VALUES (N'00305', N'Nguyen Van', N'Con', 0, CAST(N'1975-09-19T00:00:00.000' AS DateTime), N'10N1', NULL, NULL)
INSERT [dbo].[DSHS] ([MAHS], [HO], [TEN], [NU], [NGAYSINH], [MALOP], [GHICHU], [XEPLOAI]) VALUES (N'00306', N'Hoang Thi', N'Thuan', 1, CAST(N'1974-10-27T00:00:00.000' AS DateTime), N'10N1', NULL, NULL)
INSERT [dbo].[DSHS] ([MAHS], [HO], [TEN], [NU], [NGAYSINH], [MALOP], [GHICHU], [XEPLOAI]) VALUES (N'00311', N'Truong Tan', N'Cong', 0, CAST(N'1975-10-12T00:00:00.000' AS DateTime), N'10N1', NULL, NULL)
INSERT [dbo].[DSHS] ([MAHS], [HO], [TEN], [NU], [NGAYSINH], [MALOP], [GHICHU], [XEPLOAI]) VALUES (N'00312', N'Tran Thanh', N'Phuong', 0, CAST(N'1974-04-12T00:00:00.000' AS DateTime), N'10N1', NULL, NULL)
INSERT [dbo].[DSHS] ([MAHS], [HO], [TEN], [NU], [NGAYSINH], [MALOP], [GHICHU], [XEPLOAI]) VALUES (N'00317', N'Tran Thi', N'Dinh', 1, CAST(N'1975-04-28T00:00:00.000' AS DateTime), N'10N1', NULL, NULL)
INSERT [dbo].[DSHS] ([MAHS], [HO], [TEN], [NU], [NGAYSINH], [MALOP], [GHICHU], [XEPLOAI]) VALUES (N'00318', N'Nguyen Dong', N'Lan', 1, CAST(N'1975-07-31T00:00:00.000' AS DateTime), N'10N1', NULL, NULL)
INSERT [dbo].[DSHS] ([MAHS], [HO], [TEN], [NU], [NGAYSINH], [MALOP], [GHICHU], [XEPLOAI]) VALUES (N'00325', N'Nguyen Van', N'Toan', 0, CAST(N'1975-06-11T00:00:00.000' AS DateTime), N'10N1', NULL, NULL)
INSERT [dbo].[DSHS] ([MAHS], [HO], [TEN], [NU], [NGAYSINH], [MALOP], [GHICHU], [XEPLOAI]) VALUES (N'00326', N'Diep Thuy', N'Phuong', 1, CAST(N'1974-12-15T00:00:00.000' AS DateTime), N'10N1', NULL, NULL)
INSERT [dbo].[DSHS] ([MAHS], [HO], [TEN], [NU], [NGAYSINH], [MALOP], [GHICHU], [XEPLOAI]) VALUES (N'00331', N'Huynh Huu', N'Phuc', 0, CAST(N'1975-07-14T00:00:00.000' AS DateTime), N'10N1', NULL, NULL)
INSERT [dbo].[DSHS] ([MAHS], [HO], [TEN], [NU], [NGAYSINH], [MALOP], [GHICHU], [XEPLOAI]) VALUES (N'00332', N'QUach Thi', N'Lieu', 1, CAST(N'1975-11-01T00:00:00.000' AS DateTime), N'10N1', NULL, NULL)
INSERT [dbo].[DSHS] ([MAHS], [HO], [TEN], [NU], [NGAYSINH], [MALOP], [GHICHU], [XEPLOAI]) VALUES (N'00337', N'Dao Thi', N'Tue', 1, CAST(N'1975-12-25T00:00:00.000' AS DateTime), N'10N1', NULL, NULL)
INSERT [dbo].[DSHS] ([MAHS], [HO], [TEN], [NU], [NGAYSINH], [MALOP], [GHICHU], [XEPLOAI]) VALUES (N'00338', N'Tran Thi', N'Phan', 1, CAST(N'1975-01-26T00:00:00.000' AS DateTime), N'10N1', NULL, NULL)
INSERT [dbo].[DSHS] ([MAHS], [HO], [TEN], [NU], [NGAYSINH], [MALOP], [GHICHU], [XEPLOAI]) VALUES (N'00343', N'Tran Thi', N'Thuy', 1, CAST(N'1975-11-10T00:00:00.000' AS DateTime), N'10N1', NULL, NULL)
INSERT [dbo].[DSHS] ([MAHS], [HO], [TEN], [NU], [NGAYSINH], [MALOP], [GHICHU], [XEPLOAI]) VALUES (N'00344', N'Nguyen Mong', N'Kieu', 1, CAST(N'1975-08-25T00:00:00.000' AS DateTime), N'10N1', NULL, NULL)
INSERT [dbo].[DSHS] ([MAHS], [HO], [TEN], [NU], [NGAYSINH], [MALOP], [GHICHU], [XEPLOAI]) VALUES (N'00352', N'Le Thi', N'Tieng', 1, CAST(N'1973-07-16T00:00:00.000' AS DateTime), N'10F2', NULL, NULL)
INSERT [dbo].[DSHS] ([MAHS], [HO], [TEN], [NU], [NGAYSINH], [MALOP], [GHICHU], [XEPLOAI]) VALUES (N'00353', N'Phan Ngoc', N'Be', 0, CAST(N'1975-06-05T00:00:00.000' AS DateTime), N'10F2', NULL, NULL)
INSERT [dbo].[DSHS] ([MAHS], [HO], [TEN], [NU], [NGAYSINH], [MALOP], [GHICHU], [XEPLOAI]) VALUES (N'00358', N'Duong Thi', N'Tuoi', 1, CAST(N'1974-12-26T00:00:00.000' AS DateTime), N'10F2', NULL, NULL)
INSERT [dbo].[DSHS] ([MAHS], [HO], [TEN], [NU], [NGAYSINH], [MALOP], [GHICHU], [XEPLOAI]) VALUES (N'00359', N'Nguyen Thi', N'Thuy', 1, CAST(N'1975-01-07T00:00:00.000' AS DateTime), N'10F2', NULL, NULL)
INSERT [dbo].[DSHS] ([MAHS], [HO], [TEN], [NU], [NGAYSINH], [MALOP], [GHICHU], [XEPLOAI]) VALUES (N'00364', N'Nguyen Thi', N'Le', 1, CAST(N'1975-06-23T00:00:00.000' AS DateTime), N'10F2', NULL, NULL)
INSERT [dbo].[DSHS] ([MAHS], [HO], [TEN], [NU], [NGAYSINH], [MALOP], [GHICHU], [XEPLOAI]) VALUES (N'00365', N'Nguyen Van', N'Toai', 0, CAST(N'1974-09-28T00:00:00.000' AS DateTime), N'10F2', NULL, NULL)
INSERT [dbo].[DSHS] ([MAHS], [HO], [TEN], [NU], [NGAYSINH], [MALOP], [GHICHU], [XEPLOAI]) VALUES (N'00370', N'Nguyen Thi', N'Hanh', 1, CAST(N'1974-01-21T00:00:00.000' AS DateTime), N'10F2', NULL, NULL)
INSERT [dbo].[DSHS] ([MAHS], [HO], [TEN], [NU], [NGAYSINH], [MALOP], [GHICHU], [XEPLOAI]) VALUES (N'00371', N'dinh Van', N'Xinh', 0, CAST(N'1975-09-25T00:00:00.000' AS DateTime), N'10F2', NULL, NULL)
INSERT [dbo].[DSHS] ([MAHS], [HO], [TEN], [NU], [NGAYSINH], [MALOP], [GHICHU], [XEPLOAI]) VALUES (N'00374', N'Nguyen Van', N'De', 0, CAST(N'1975-07-25T00:00:00.000' AS DateTime), N'10N1', NULL, NULL)
INSERT [dbo].[DSHS] ([MAHS], [HO], [TEN], [NU], [NGAYSINH], [MALOP], [GHICHU], [XEPLOAI]) VALUES (N'00376', N'Nguyen Manh', N'Tien', 0, CAST(N'1974-12-17T00:00:00.000' AS DateTime), N'10A1', NULL, NULL)
INSERT [dbo].[DSHS] ([MAHS], [HO], [TEN], [NU], [NGAYSINH], [MALOP], [GHICHU], [XEPLOAI]) VALUES (N'00381', N'Nguyen Van', N'Tam', 0, CAST(N'1975-07-04T00:00:00.000' AS DateTime), N'10A1', NULL, NULL)
INSERT [dbo].[DSHS] ([MAHS], [HO], [TEN], [NU], [NGAYSINH], [MALOP], [GHICHU], [XEPLOAI]) VALUES (N'00382', N'Tran Thuy', N'Dao', 1, CAST(N'1974-11-19T00:00:00.000' AS DateTime), N'10A1', NULL, NULL)
INSERT [dbo].[DSHS] ([MAHS], [HO], [TEN], [NU], [NGAYSINH], [MALOP], [GHICHU], [XEPLOAI]) VALUES (N'00387', N'NGuyen Ngoc', N'Nhan', 0, CAST(N'1975-01-24T00:00:00.000' AS DateTime), N'10A1', NULL, NULL)
INSERT [dbo].[DSHS] ([MAHS], [HO], [TEN], [NU], [NGAYSINH], [MALOP], [GHICHU], [XEPLOAI]) VALUES (N'00388', N'Ngo Kim', N'Nhanh', 1, CAST(N'1975-10-27T00:00:00.000' AS DateTime), N'10A1', NULL, NULL)
INSERT [dbo].[DSHS] ([MAHS], [HO], [TEN], [NU], [NGAYSINH], [MALOP], [GHICHU], [XEPLOAI]) VALUES (N'00393', N'Phan Kim', N'Thoi', 0, CAST(N'1975-07-03T00:00:00.000' AS DateTime), N'10A1', NULL, NULL)
INSERT [dbo].[DSHS] ([MAHS], [HO], [TEN], [NU], [NGAYSINH], [MALOP], [GHICHU], [XEPLOAI]) VALUES (N'00394', N'Tran Thi', N'Ngai', 1, CAST(N'1974-12-04T00:00:00.000' AS DateTime), N'10A1', NULL, NULL)
INSERT [dbo].[DSHS] ([MAHS], [HO], [TEN], [NU], [NGAYSINH], [MALOP], [GHICHU], [XEPLOAI]) VALUES (N'00399', N'Phan Kim', N'Nga', 1, CAST(N'1975-08-26T00:00:00.000' AS DateTime), N'10A1', NULL, NULL)
INSERT [dbo].[DSHS] ([MAHS], [HO], [TEN], [NU], [NGAYSINH], [MALOP], [GHICHU], [XEPLOAI]) VALUES (N'00400', N'Nguyen thi', N'Cay', 1, CAST(N'1975-07-30T00:00:00.000' AS DateTime), N'10A1', NULL, NULL)
INSERT [dbo].[DSHS] ([MAHS], [HO], [TEN], [NU], [NGAYSINH], [MALOP], [GHICHU], [XEPLOAI]) VALUES (N'00405', N'Chung Thanh', N'Kim', 0, CAST(N'1974-10-02T00:00:00.000' AS DateTime), N'10A1', NULL, NULL)
INSERT [dbo].[DSHS] ([MAHS], [HO], [TEN], [NU], [NGAYSINH], [MALOP], [GHICHU], [XEPLOAI]) VALUES (N'00406', N'Hoang Anh', N'Toa', 0, CAST(N'1974-11-16T00:00:00.000' AS DateTime), N'10A1', NULL, NULL)
INSERT [dbo].[DSHS] ([MAHS], [HO], [TEN], [NU], [NGAYSINH], [MALOP], [GHICHU], [XEPLOAI]) VALUES (N'00411', N'Nguyen Van', N'Dung', 0, CAST(N'1974-12-19T00:00:00.000' AS DateTime), N'10A1', NULL, NULL)
INSERT [dbo].[DSHS] ([MAHS], [HO], [TEN], [NU], [NGAYSINH], [MALOP], [GHICHU], [XEPLOAI]) VALUES (N'00412', N'Vo Thanh', N'Giang', 0, CAST(N'1975-07-12T00:00:00.000' AS DateTime), N'10A1', NULL, NULL)
INSERT [dbo].[DSHS] ([MAHS], [HO], [TEN], [NU], [NGAYSINH], [MALOP], [GHICHU], [XEPLOAI]) VALUES (N'00417', N'Nguyen Hong', N'Nga', 1, CAST(N'1975-03-24T00:00:00.000' AS DateTime), N'10A1', NULL, NULL)
INSERT [dbo].[DSHS] ([MAHS], [HO], [TEN], [NU], [NGAYSINH], [MALOP], [GHICHU], [XEPLOAI]) VALUES (N'00418', N'Lam Ngoc', N'anh', 1, CAST(N'1975-01-30T00:00:00.000' AS DateTime), N'10A1', NULL, NULL)
INSERT [dbo].[DSHS] ([MAHS], [HO], [TEN], [NU], [NGAYSINH], [MALOP], [GHICHU], [XEPLOAI]) VALUES (N'00423', N'chau Bien', N'Gioi', 0, CAST(N'1974-12-22T00:00:00.000' AS DateTime), N'10A1', NULL, NULL)
INSERT [dbo].[DSHS] ([MAHS], [HO], [TEN], [NU], [NGAYSINH], [MALOP], [GHICHU], [XEPLOAI]) VALUES (N'00424', N'Phu Tan', N'Tong', 0, CAST(N'1974-04-11T00:00:00.000' AS DateTime), N'10A1', NULL, NULL)
INSERT [dbo].[DSHS] ([MAHS], [HO], [TEN], [NU], [NGAYSINH], [MALOP], [GHICHU], [XEPLOAI]) VALUES (N'00429', N'Chau Viet', N'Luan', 0, CAST(N'1974-09-09T00:00:00.000' AS DateTime), N'10A1', NULL, NULL)
INSERT [dbo].[DSHS] ([MAHS], [HO], [TEN], [NU], [NGAYSINH], [MALOP], [GHICHU], [XEPLOAI]) VALUES (N'00430', N'Pham Hong', N'Mau', 0, CAST(N'1975-03-16T00:00:00.000' AS DateTime), N'10A1', NULL, NULL)
INSERT [dbo].[DSHS] ([MAHS], [HO], [TEN], [NU], [NGAYSINH], [MALOP], [GHICHU], [XEPLOAI]) VALUES (N'00435', N'Le Thanh', N'Tung', 0, CAST(N'1974-10-28T00:00:00.000' AS DateTime), N'10A1', NULL, NULL)
INSERT [dbo].[DSHS] ([MAHS], [HO], [TEN], [NU], [NGAYSINH], [MALOP], [GHICHU], [XEPLOAI]) VALUES (N'00436', N'Nguyen Quoc', N'Phong', 0, CAST(N'1974-01-06T00:00:00.000' AS DateTime), N'10A1', NULL, NULL)
INSERT [dbo].[DSHS] ([MAHS], [HO], [TEN], [NU], [NGAYSINH], [MALOP], [GHICHU], [XEPLOAI]) VALUES (N'00441', N'Tran Kieu', N'Au', 0, CAST(N'1973-12-24T00:00:00.000' AS DateTime), N'10A1', NULL, NULL)
INSERT [dbo].[DSHS] ([MAHS], [HO], [TEN], [NU], [NGAYSINH], [MALOP], [GHICHU], [XEPLOAI]) VALUES (N'00442', N'Le Thi Le', N'Thu', 1, CAST(N'1974-10-19T00:00:00.000' AS DateTime), N'10A1', NULL, NULL)
INSERT [dbo].[DSHS] ([MAHS], [HO], [TEN], [NU], [NGAYSINH], [MALOP], [GHICHU], [XEPLOAI]) VALUES (N'00445', N'Lai Van', N'Teo', 0, CAST(N'1974-01-27T00:00:00.000' AS DateTime), N'10A2', NULL, NULL)
INSERT [dbo].[DSHS] ([MAHS], [HO], [TEN], [NU], [NGAYSINH], [MALOP], [GHICHU], [XEPLOAI]) VALUES (N'00446', N'Dinh Thi', N'Hai', 1, CAST(N'1974-12-21T00:00:00.000' AS DateTime), N'10A2', NULL, NULL)
INSERT [dbo].[DSHS] ([MAHS], [HO], [TEN], [NU], [NGAYSINH], [MALOP], [GHICHU], [XEPLOAI]) VALUES (N'00451', N'Huynh My', N'Le', 1, CAST(N'1975-02-24T00:00:00.000' AS DateTime), N'10A2', NULL, NULL)
INSERT [dbo].[DSHS] ([MAHS], [HO], [TEN], [NU], [NGAYSINH], [MALOP], [GHICHU], [XEPLOAI]) VALUES (N'00452', N'Pham Van', N'Tuan', 0, CAST(N'1975-08-22T00:00:00.000' AS DateTime), N'10A2', NULL, NULL)
INSERT [dbo].[DSHS] ([MAHS], [HO], [TEN], [NU], [NGAYSINH], [MALOP], [GHICHU], [XEPLOAI]) VALUES (N'00457', N'Nguyen Chi', N'Cong', 0, CAST(N'1974-08-08T00:00:00.000' AS DateTime), N'10A2', NULL, NULL)
INSERT [dbo].[DSHS] ([MAHS], [HO], [TEN], [NU], [NGAYSINH], [MALOP], [GHICHU], [XEPLOAI]) VALUES (N'00458', N'Tran Ngoc', N'Han', 1, CAST(N'1975-08-24T00:00:00.000' AS DateTime), N'10A2', NULL, NULL)
INSERT [dbo].[DSHS] ([MAHS], [HO], [TEN], [NU], [NGAYSINH], [MALOP], [GHICHU], [XEPLOAI]) VALUES (N'00463', N'Nguyen Thanh', N'Hiep', 0, CAST(N'1975-04-13T00:00:00.000' AS DateTime), N'10A2', NULL, NULL)
INSERT [dbo].[DSHS] ([MAHS], [HO], [TEN], [NU], [NGAYSINH], [MALOP], [GHICHU], [XEPLOAI]) VALUES (N'00464', N'Nguyen Cong', N'Quan', 0, CAST(N'1975-10-30T00:00:00.000' AS DateTime), N'10A2', NULL, NULL)
INSERT [dbo].[DSHS] ([MAHS], [HO], [TEN], [NU], [NGAYSINH], [MALOP], [GHICHU], [XEPLOAI]) VALUES (N'00469', N'Tran Trung', N'Tinh', 0, CAST(N'1974-10-12T00:00:00.000' AS DateTime), N'10A2', NULL, NULL)
INSERT [dbo].[DSHS] ([MAHS], [HO], [TEN], [NU], [NGAYSINH], [MALOP], [GHICHU], [XEPLOAI]) VALUES (N'00470', N'Nguyen Thanh', N'Tai', 0, CAST(N'1975-07-27T00:00:00.000' AS DateTime), N'10A2', NULL, NULL)
INSERT [dbo].[DSHS] ([MAHS], [HO], [TEN], [NU], [NGAYSINH], [MALOP], [GHICHU], [XEPLOAI]) VALUES (N'00475', N'Nguyen Thanh', N'Hai', 0, CAST(N'1975-06-27T00:00:00.000' AS DateTime), N'10A2', NULL, NULL)
INSERT [dbo].[DSHS] ([MAHS], [HO], [TEN], [NU], [NGAYSINH], [MALOP], [GHICHU], [XEPLOAI]) VALUES (N'00476', N'Nguyen Hong', N'Phi', 0, CAST(N'1975-02-21T00:00:00.000' AS DateTime), N'10A2', NULL, NULL)
INSERT [dbo].[DSHS] ([MAHS], [HO], [TEN], [NU], [NGAYSINH], [MALOP], [GHICHU], [XEPLOAI]) VALUES (N'00481', N'Nguyen Tuyet', N'Mai', 1, CAST(N'1974-03-26T00:00:00.000' AS DateTime), N'10A2', NULL, NULL)
INSERT [dbo].[DSHS] ([MAHS], [HO], [TEN], [NU], [NGAYSINH], [MALOP], [GHICHU], [XEPLOAI]) VALUES (N'00482', N'Phu Tyet', N'Mai', 1, CAST(N'1975-09-17T00:00:00.000' AS DateTime), N'10A2', NULL, NULL)
INSERT [dbo].[DSHS] ([MAHS], [HO], [TEN], [NU], [NGAYSINH], [MALOP], [GHICHU], [XEPLOAI]) VALUES (N'00487', N'Le Kim', N'Loan', 1, CAST(N'1974-11-09T00:00:00.000' AS DateTime), N'10A2', NULL, NULL)
INSERT [dbo].[DSHS] ([MAHS], [HO], [TEN], [NU], [NGAYSINH], [MALOP], [GHICHU], [XEPLOAI]) VALUES (N'00488', N'Tran Hong', N'Yen', 1, CAST(N'1975-06-26T00:00:00.000' AS DateTime), N'10A2', NULL, NULL)
INSERT [dbo].[DSHS] ([MAHS], [HO], [TEN], [NU], [NGAYSINH], [MALOP], [GHICHU], [XEPLOAI]) VALUES (N'00495', N'Tran Thi Ngoc', N'Han', 1, CAST(N'1975-07-28T00:00:00.000' AS DateTime), N'10F2', NULL, NULL)
INSERT [dbo].[DSHS] ([MAHS], [HO], [TEN], [NU], [NGAYSINH], [MALOP], [GHICHU], [XEPLOAI]) VALUES (N'00496', N'Doan Van', N'ut', 0, CAST(N'1974-10-07T00:00:00.000' AS DateTime), N'10F2', NULL, NULL)
INSERT [dbo].[DSHS] ([MAHS], [HO], [TEN], [NU], [NGAYSINH], [MALOP], [GHICHU], [XEPLOAI]) VALUES (N'00501', N'Nguyen T.Ngoc', N'Lieu', 1, CAST(N'1973-12-31T00:00:00.000' AS DateTime), N'10F2', NULL, NULL)
INSERT [dbo].[DSHS] ([MAHS], [HO], [TEN], [NU], [NGAYSINH], [MALOP], [GHICHU], [XEPLOAI]) VALUES (N'00502', N'Vo Phong', N'Tran', 0, CAST(N'1975-06-14T00:00:00.000' AS DateTime), N'10A2', NULL, NULL)
INSERT [dbo].[DSHS] ([MAHS], [HO], [TEN], [NU], [NGAYSINH], [MALOP], [GHICHU], [XEPLOAI]) VALUES (N'00507', N'Nguyen Cam', N'Huong', 1, CAST(N'1974-03-04T00:00:00.000' AS DateTime), N'10F2', NULL, NULL)
INSERT [dbo].[DSHS] ([MAHS], [HO], [TEN], [NU], [NGAYSINH], [MALOP], [GHICHU], [XEPLOAI]) VALUES (N'00508', N'Tran Nhat', N'Phong', 0, CAST(N'1973-08-07T00:00:00.000' AS DateTime), N'10F2', NULL, NULL)
INSERT [dbo].[DSHS] ([MAHS], [HO], [TEN], [NU], [NGAYSINH], [MALOP], [GHICHU], [XEPLOAI]) VALUES (N'00513', N'Bui Thi', N'ut', 1, CAST(N'1975-06-18T00:00:00.000' AS DateTime), N'10F2', NULL, NULL)
INSERT [dbo].[DSHS] ([MAHS], [HO], [TEN], [NU], [NGAYSINH], [MALOP], [GHICHU], [XEPLOAI]) VALUES (N'00514', N'Vuong Quoc', N'Hoi', 0, CAST(N'1974-04-02T00:00:00.000' AS DateTime), N'10F2', NULL, NULL)
INSERT [dbo].[DSHS] ([MAHS], [HO], [TEN], [NU], [NGAYSINH], [MALOP], [GHICHU], [XEPLOAI]) VALUES (N'00519', N'Nguyen Ngoc', N'Suong', 1, CAST(N'1974-09-13T00:00:00.000' AS DateTime), N'10F2', NULL, NULL)
INSERT [dbo].[DSHS] ([MAHS], [HO], [TEN], [NU], [NGAYSINH], [MALOP], [GHICHU], [XEPLOAI]) VALUES (N'00520', N'Nguyen Dinh', N'Som', 0, CAST(N'1974-05-07T00:00:00.000' AS DateTime), N'10F2', NULL, NULL)
INSERT [dbo].[DSHS] ([MAHS], [HO], [TEN], [NU], [NGAYSINH], [MALOP], [GHICHU], [XEPLOAI]) VALUES (N'00526', N'Le Hiep', N'Dinh', 0, CAST(N'1974-09-03T00:00:00.000' AS DateTime), N'10F2', NULL, NULL)
INSERT [dbo].[DSHS] ([MAHS], [HO], [TEN], [NU], [NGAYSINH], [MALOP], [GHICHU], [XEPLOAI]) VALUES (N'00527', N'Do Thanh', N'Lap', 0, CAST(N'1973-12-30T00:00:00.000' AS DateTime), N'10F2', NULL, NULL)
INSERT [dbo].[DSHS] ([MAHS], [HO], [TEN], [NU], [NGAYSINH], [MALOP], [GHICHU], [XEPLOAI]) VALUES (N'00529', N'Nguyen Van', N'Dinh', 0, CAST(N'1974-11-09T00:00:00.000' AS DateTime), N'10A2', NULL, NULL)
INSERT [dbo].[DSHS] ([MAHS], [HO], [TEN], [NU], [NGAYSINH], [MALOP], [GHICHU], [XEPLOAI]) VALUES (N'00530', N'Pham Cong', N'Trinh', 0, CAST(N'1975-07-21T00:00:00.000' AS DateTime), N'10A2', NULL, NULL)
GO
INSERT [dbo].[DSHS] ([MAHS], [HO], [TEN], [NU], [NGAYSINH], [MALOP], [GHICHU], [XEPLOAI]) VALUES (N'00535', N'Bui Thanh', N'Tung', 0, CAST(N'1974-09-16T00:00:00.000' AS DateTime), N'10A2', NULL, NULL)
INSERT [dbo].[DSHS] ([MAHS], [HO], [TEN], [NU], [NGAYSINH], [MALOP], [GHICHU], [XEPLOAI]) VALUES (N'00536', N'Le Van', N'Viet', 0, CAST(N'1974-09-11T00:00:00.000' AS DateTime), N'10A2', NULL, NULL)
INSERT [dbo].[DSHS] ([MAHS], [HO], [TEN], [NU], [NGAYSINH], [MALOP], [GHICHU], [XEPLOAI]) VALUES (N'00541', N'Nguyen Ngoc', N'Dung', 0, CAST(N'1974-04-24T00:00:00.000' AS DateTime), N'10A2', NULL, NULL)
INSERT [dbo].[DSHS] ([MAHS], [HO], [TEN], [NU], [NGAYSINH], [MALOP], [GHICHU], [XEPLOAI]) VALUES (N'00542', N'Phan Thanh', N'Hong', 0, CAST(N'1975-10-17T00:00:00.000' AS DateTime), N'10A2', NULL, NULL)
INSERT [dbo].[DSHS] ([MAHS], [HO], [TEN], [NU], [NGAYSINH], [MALOP], [GHICHU], [XEPLOAI]) VALUES (N'00547', N'Le Thanh', N'Nhanh', 1, CAST(N'1974-07-09T00:00:00.000' AS DateTime), N'10A2', NULL, NULL)
INSERT [dbo].[DSHS] ([MAHS], [HO], [TEN], [NU], [NGAYSINH], [MALOP], [GHICHU], [XEPLOAI]) VALUES (N'00548', N'Nguyen Be', N'Nam', 1, CAST(N'1975-08-27T00:00:00.000' AS DateTime), N'10A2', NULL, NULL)
INSERT [dbo].[DSHS] ([MAHS], [HO], [TEN], [NU], [NGAYSINH], [MALOP], [GHICHU], [XEPLOAI]) VALUES (N'00553', N'Pham Van', N'Det', 0, CAST(N'1974-09-17T00:00:00.000' AS DateTime), N'10A2', NULL, NULL)
INSERT [dbo].[DSHS] ([MAHS], [HO], [TEN], [NU], [NGAYSINH], [MALOP], [GHICHU], [XEPLOAI]) VALUES (N'00554', N'Phan Thi', N'Thin', 1, CAST(N'1975-11-15T00:00:00.000' AS DateTime), N'10A2', NULL, NULL)
INSERT [dbo].[DSHS] ([MAHS], [HO], [TEN], [NU], [NGAYSINH], [MALOP], [GHICHU], [XEPLOAI]) VALUES (N'00559', N'Le Thi Van', N'Anh', 1, CAST(N'1975-08-23T00:00:00.000' AS DateTime), N'10A2', NULL, NULL)
INSERT [dbo].[DSHS] ([MAHS], [HO], [TEN], [NU], [NGAYSINH], [MALOP], [GHICHU], [XEPLOAI]) VALUES (N'00560', N'Nguyen Truc', N'Ly', 1, CAST(N'1974-11-30T00:00:00.000' AS DateTime), N'10A2', NULL, NULL)
INSERT [dbo].[DSHS] ([MAHS], [HO], [TEN], [NU], [NGAYSINH], [MALOP], [GHICHU], [XEPLOAI]) VALUES (N'00565', N'Cho Tuan', N'Kiet', 0, CAST(N'1974-06-28T00:00:00.000' AS DateTime), N'10A2', NULL, NULL)
INSERT [dbo].[DSHS] ([MAHS], [HO], [TEN], [NU], [NGAYSINH], [MALOP], [GHICHU], [XEPLOAI]) VALUES (N'00566', N'Vo Giai', N'Phong', 0, CAST(N'1975-04-18T00:00:00.000' AS DateTime), N'10A2', NULL, NULL)
INSERT [dbo].[DSHS] ([MAHS], [HO], [TEN], [NU], [NGAYSINH], [MALOP], [GHICHU], [XEPLOAI]) VALUES (N'00571', N'Ho Van', N'Cau', 0, CAST(N'1975-03-28T00:00:00.000' AS DateTime), N'10A2', NULL, NULL)
INSERT [dbo].[DSHS] ([MAHS], [HO], [TEN], [NU], [NGAYSINH], [MALOP], [GHICHU], [XEPLOAI]) VALUES (N'00572', N'Nguyen Thanh', N'Son', 0, CAST(N'1974-05-14T00:00:00.000' AS DateTime), N'10A2', NULL, NULL)
INSERT [dbo].[DSHS] ([MAHS], [HO], [TEN], [NU], [NGAYSINH], [MALOP], [GHICHU], [XEPLOAI]) VALUES (N'00577', N'Le Hung', N'Vi', 0, CAST(N'1973-05-04T00:00:00.000' AS DateTime), N'10A2', NULL, NULL)
INSERT [dbo].[DSHS] ([MAHS], [HO], [TEN], [NU], [NGAYSINH], [MALOP], [GHICHU], [XEPLOAI]) VALUES (N'00578', N'Tran Hoang', N'Dang', 0, CAST(N'1975-06-14T00:00:00.000' AS DateTime), N'10A2', NULL, NULL)
INSERT [dbo].[DSHS] ([MAHS], [HO], [TEN], [NU], [NGAYSINH], [MALOP], [GHICHU], [XEPLOAI]) VALUES (N'00582', N'Nguyen Duc', N'Thang', 0, CAST(N'1974-05-26T00:00:00.000' AS DateTime), N'10A3', NULL, NULL)
INSERT [dbo].[DSHS] ([MAHS], [HO], [TEN], [NU], [NGAYSINH], [MALOP], [GHICHU], [XEPLOAI]) VALUES (N'00583', N'Trinh Thi', N'Tuan', 1, CAST(N'1975-06-11T00:00:00.000' AS DateTime), N'10A3', NULL, NULL)
INSERT [dbo].[DSHS] ([MAHS], [HO], [TEN], [NU], [NGAYSINH], [MALOP], [GHICHU], [XEPLOAI]) VALUES (N'00584', N'Nguyen Tu', N'Toan', 0, CAST(N'1974-03-03T00:00:00.000' AS DateTime), N'10A3', NULL, NULL)
INSERT [dbo].[DSHS] ([MAHS], [HO], [TEN], [NU], [NGAYSINH], [MALOP], [GHICHU], [XEPLOAI]) VALUES (N'00588', N'Bui Thi', N'Hue', 1, CAST(N'1974-12-21T00:00:00.000' AS DateTime), N'10A3', NULL, NULL)
INSERT [dbo].[DSHS] ([MAHS], [HO], [TEN], [NU], [NGAYSINH], [MALOP], [GHICHU], [XEPLOAI]) VALUES (N'00589', N'Do Thi', N'Thanh', 1, CAST(N'1975-09-11T00:00:00.000' AS DateTime), N'10A3', NULL, NULL)
INSERT [dbo].[DSHS] ([MAHS], [HO], [TEN], [NU], [NGAYSINH], [MALOP], [GHICHU], [XEPLOAI]) VALUES (N'00590', N'Pham Kim', N'Thoa', 1, CAST(N'1975-10-05T00:00:00.000' AS DateTime), N'10A3', NULL, NULL)
INSERT [dbo].[DSHS] ([MAHS], [HO], [TEN], [NU], [NGAYSINH], [MALOP], [GHICHU], [XEPLOAI]) VALUES (N'00594', N'Pham Thi', N'Mai', 1, CAST(N'1974-08-24T00:00:00.000' AS DateTime), N'10A3', NULL, NULL)
INSERT [dbo].[DSHS] ([MAHS], [HO], [TEN], [NU], [NGAYSINH], [MALOP], [GHICHU], [XEPLOAI]) VALUES (N'00595', N'Pham Thi', N'Bich', 1, CAST(N'1974-11-04T00:00:00.000' AS DateTime), N'10A3', NULL, NULL)
INSERT [dbo].[DSHS] ([MAHS], [HO], [TEN], [NU], [NGAYSINH], [MALOP], [GHICHU], [XEPLOAI]) VALUES (N'00596', N'Vu Duc', N'Loi', 0, CAST(N'1974-11-22T00:00:00.000' AS DateTime), N'10A3', NULL, NULL)
INSERT [dbo].[DSHS] ([MAHS], [HO], [TEN], [NU], [NGAYSINH], [MALOP], [GHICHU], [XEPLOAI]) VALUES (N'00600', N'Le Thai', N'Hoa', 0, CAST(N'1974-04-17T00:00:00.000' AS DateTime), N'10A3', NULL, NULL)
INSERT [dbo].[DSHS] ([MAHS], [HO], [TEN], [NU], [NGAYSINH], [MALOP], [GHICHU], [XEPLOAI]) VALUES (N'00601', N'Le Van', N'Hiep', 0, CAST(N'1974-11-07T00:00:00.000' AS DateTime), N'10A3', NULL, NULL)
INSERT [dbo].[DSHS] ([MAHS], [HO], [TEN], [NU], [NGAYSINH], [MALOP], [GHICHU], [XEPLOAI]) VALUES (N'00602', N'Pham Thi', N'Hai', 1, CAST(N'1975-03-16T00:00:00.000' AS DateTime), N'10A3', NULL, NULL)
INSERT [dbo].[DSHS] ([MAHS], [HO], [TEN], [NU], [NGAYSINH], [MALOP], [GHICHU], [XEPLOAI]) VALUES (N'00606', N'Bui Thi', N'Trinh', 1, CAST(N'1974-09-09T00:00:00.000' AS DateTime), N'10A3', NULL, NULL)
INSERT [dbo].[DSHS] ([MAHS], [HO], [TEN], [NU], [NGAYSINH], [MALOP], [GHICHU], [XEPLOAI]) VALUES (N'00607', N'Do Thi', N'Thom', 1, CAST(N'1975-04-22T00:00:00.000' AS DateTime), N'10A3', NULL, NULL)
INSERT [dbo].[DSHS] ([MAHS], [HO], [TEN], [NU], [NGAYSINH], [MALOP], [GHICHU], [XEPLOAI]) VALUES (N'00608', N'Tran Thanh', N'Loan', 0, CAST(N'1974-06-25T00:00:00.000' AS DateTime), N'10A3', NULL, NULL)
INSERT [dbo].[DSHS] ([MAHS], [HO], [TEN], [NU], [NGAYSINH], [MALOP], [GHICHU], [XEPLOAI]) VALUES (N'00612', N'Nguyen Thi', N'Huong', 1, CAST(N'1974-12-02T00:00:00.000' AS DateTime), N'10A3', NULL, NULL)
INSERT [dbo].[DSHS] ([MAHS], [HO], [TEN], [NU], [NGAYSINH], [MALOP], [GHICHU], [XEPLOAI]) VALUES (N'00613', N'Le Thi', N'Kim', 1, CAST(N'1974-08-22T00:00:00.000' AS DateTime), N'10A3', NULL, NULL)
INSERT [dbo].[DSHS] ([MAHS], [HO], [TEN], [NU], [NGAYSINH], [MALOP], [GHICHU], [XEPLOAI]) VALUES (N'00614', N'Hoang Thi', N'Nghia', 1, CAST(N'1975-05-03T00:00:00.000' AS DateTime), N'10A3', NULL, NULL)
INSERT [dbo].[DSHS] ([MAHS], [HO], [TEN], [NU], [NGAYSINH], [MALOP], [GHICHU], [XEPLOAI]) VALUES (N'00619', N'Tran Hong', N'Cuong', 0, CAST(N'1973-11-29T00:00:00.000' AS DateTime), N'10N1', NULL, NULL)
INSERT [dbo].[DSHS] ([MAHS], [HO], [TEN], [NU], [NGAYSINH], [MALOP], [GHICHU], [XEPLOAI]) VALUES (N'00624', N'Nguyen Minh', N'Dan', 0, CAST(N'1975-12-13T00:00:00.000' AS DateTime), N'10N1', NULL, NULL)
INSERT [dbo].[DSHS] ([MAHS], [HO], [TEN], [NU], [NGAYSINH], [MALOP], [GHICHU], [XEPLOAI]) VALUES (N'00625', N'Do Thi', N'Thao', 1, CAST(N'1973-10-20T00:00:00.000' AS DateTime), N'10N1', NULL, NULL)
INSERT [dbo].[DSHS] ([MAHS], [HO], [TEN], [NU], [NGAYSINH], [MALOP], [GHICHU], [XEPLOAI]) VALUES (N'00630', N'Phan Thi', N'anh', 1, CAST(N'1974-07-15T00:00:00.000' AS DateTime), N'10N1', NULL, NULL)
INSERT [dbo].[DSHS] ([MAHS], [HO], [TEN], [NU], [NGAYSINH], [MALOP], [GHICHU], [XEPLOAI]) VALUES (N'00631', N'Dang Kim', N'Anh', 1, CAST(N'1974-10-20T00:00:00.000' AS DateTime), N'10N1', N'Học sinh nữ xuất sắc', NULL)
INSERT [dbo].[DSHS] ([MAHS], [HO], [TEN], [NU], [NGAYSINH], [MALOP], [GHICHU], [XEPLOAI]) VALUES (N'00636', N'Le Tien', N'Dat', 0, CAST(N'1975-12-03T00:00:00.000' AS DateTime), N'10N1', NULL, NULL)
INSERT [dbo].[DSHS] ([MAHS], [HO], [TEN], [NU], [NGAYSINH], [MALOP], [GHICHU], [XEPLOAI]) VALUES (N'00637', N'Pham Hong', N'Tuyet', 1, CAST(N'1974-10-07T00:00:00.000' AS DateTime), N'10N1', NULL, NULL)
INSERT [dbo].[DSHS] ([MAHS], [HO], [TEN], [NU], [NGAYSINH], [MALOP], [GHICHU], [XEPLOAI]) VALUES (N'00642', N'Pham Thi', N'Chien', 1, CAST(N'1974-10-31T00:00:00.000' AS DateTime), N'10N1', NULL, NULL)
INSERT [dbo].[DSHS] ([MAHS], [HO], [TEN], [NU], [NGAYSINH], [MALOP], [GHICHU], [XEPLOAI]) VALUES (N'00643', N'Nguyen Thi', N'Binh', 1, CAST(N'1975-12-11T00:00:00.000' AS DateTime), N'10N1', NULL, NULL)
INSERT [dbo].[DSHS] ([MAHS], [HO], [TEN], [NU], [NGAYSINH], [MALOP], [GHICHU], [XEPLOAI]) VALUES (N'00648', N'Vo Van', N'Diem', 0, CAST(N'1975-03-24T00:00:00.000' AS DateTime), N'10N1', NULL, NULL)
INSERT [dbo].[DSHS] ([MAHS], [HO], [TEN], [NU], [NGAYSINH], [MALOP], [GHICHU], [XEPLOAI]) VALUES (N'00649', N'Tran Van', N'Viet', 0, CAST(N'1975-07-17T00:00:00.000' AS DateTime), N'10N1', NULL, NULL)
INSERT [dbo].[DSHS] ([MAHS], [HO], [TEN], [NU], [NGAYSINH], [MALOP], [GHICHU], [XEPLOAI]) VALUES (N'00654', N'Nguyen Bui', N'Hoa', 0, CAST(N'1974-02-20T00:00:00.000' AS DateTime), N'10N1', NULL, NULL)
INSERT [dbo].[DSHS] ([MAHS], [HO], [TEN], [NU], [NGAYSINH], [MALOP], [GHICHU], [XEPLOAI]) VALUES (N'00655', N'Huynh Van', N'Viet', 0, CAST(N'1975-09-01T00:00:00.000' AS DateTime), N'10N1', NULL, NULL)
INSERT [dbo].[DSHS] ([MAHS], [HO], [TEN], [NU], [NGAYSINH], [MALOP], [GHICHU], [XEPLOAI]) VALUES (N'00660', N'Huynh Van', N'Khoa', 0, CAST(N'1974-04-19T00:00:00.000' AS DateTime), N'10N1', NULL, NULL)
INSERT [dbo].[DSHS] ([MAHS], [HO], [TEN], [NU], [NGAYSINH], [MALOP], [GHICHU], [XEPLOAI]) VALUES (N'00661', N'Huynh Minh', N'Hieu', 1, CAST(N'1975-04-20T00:00:00.000' AS DateTime), N'10N1', NULL, NULL)
INSERT [dbo].[DSHS] ([MAHS], [HO], [TEN], [NU], [NGAYSINH], [MALOP], [GHICHU], [XEPLOAI]) VALUES (N'00666', N'Huynh Thanh', N'Viet', 0, CAST(N'1974-02-04T00:00:00.000' AS DateTime), N'10N1', NULL, NULL)
INSERT [dbo].[DSHS] ([MAHS], [HO], [TEN], [NU], [NGAYSINH], [MALOP], [GHICHU], [XEPLOAI]) VALUES (N'00667', N'Le Trong', N'Quy', 0, CAST(N'1974-12-03T00:00:00.000' AS DateTime), N'10N1', NULL, NULL)
INSERT [dbo].[DSHS] ([MAHS], [HO], [TEN], [NU], [NGAYSINH], [MALOP], [GHICHU], [XEPLOAI]) VALUES (N'00672', N'Nguyen Thi', N'Van', 1, CAST(N'1975-02-24T00:00:00.000' AS DateTime), N'10N1', NULL, NULL)
INSERT [dbo].[DSHS] ([MAHS], [HO], [TEN], [NU], [NGAYSINH], [MALOP], [GHICHU], [XEPLOAI]) VALUES (N'00673', N'Nguyen Nhu', N'Nguyet', 1, CAST(N'1974-01-29T00:00:00.000' AS DateTime), N'10N1', NULL, NULL)
INSERT [dbo].[DSHS] ([MAHS], [HO], [TEN], [NU], [NGAYSINH], [MALOP], [GHICHU], [XEPLOAI]) VALUES (N'00678', N'Luong Minh', N'Tuoi', 0, CAST(N'1974-05-21T00:00:00.000' AS DateTime), N'10N1', NULL, NULL)
INSERT [dbo].[DSHS] ([MAHS], [HO], [TEN], [NU], [NGAYSINH], [MALOP], [GHICHU], [XEPLOAI]) VALUES (N'00679', N'Tran Van', N'Quang', 0, CAST(N'1974-09-26T00:00:00.000' AS DateTime), N'10N1', NULL, NULL)
INSERT [dbo].[DSHS] ([MAHS], [HO], [TEN], [NU], [NGAYSINH], [MALOP], [GHICHU], [XEPLOAI]) VALUES (N'00682', N'Dang Minh', N'Quan', 0, CAST(N'1975-02-19T00:00:00.000' AS DateTime), N'10A5', NULL, NULL)
INSERT [dbo].[DSHS] ([MAHS], [HO], [TEN], [NU], [NGAYSINH], [MALOP], [GHICHU], [XEPLOAI]) VALUES (N'00683', N'Le Thanh', N'Khoa', 0, CAST(N'1974-07-30T00:00:00.000' AS DateTime), N'10A5', NULL, NULL)
INSERT [dbo].[DSHS] ([MAHS], [HO], [TEN], [NU], [NGAYSINH], [MALOP], [GHICHU], [XEPLOAI]) VALUES (N'00684', N'Van Phuoc', N'Gia', 0, CAST(N'1975-06-29T00:00:00.000' AS DateTime), N'10A5', NULL, NULL)
INSERT [dbo].[DSHS] ([MAHS], [HO], [TEN], [NU], [NGAYSINH], [MALOP], [GHICHU], [XEPLOAI]) VALUES (N'00688', N'Quach Thanh', N'Hong', 0, CAST(N'1974-06-26T00:00:00.000' AS DateTime), N'10A5', NULL, NULL)
INSERT [dbo].[DSHS] ([MAHS], [HO], [TEN], [NU], [NGAYSINH], [MALOP], [GHICHU], [XEPLOAI]) VALUES (N'00689', N'Nguyen Tan', N'Tai', 0, CAST(N'1974-08-24T00:00:00.000' AS DateTime), N'10A5', NULL, NULL)
INSERT [dbo].[DSHS] ([MAHS], [HO], [TEN], [NU], [NGAYSINH], [MALOP], [GHICHU], [XEPLOAI]) VALUES (N'00690', N'Dao Thi', N'Tue', 1, CAST(N'1975-11-29T00:00:00.000' AS DateTime), N'10A5', NULL, NULL)
INSERT [dbo].[DSHS] ([MAHS], [HO], [TEN], [NU], [NGAYSINH], [MALOP], [GHICHU], [XEPLOAI]) VALUES (N'00694', N'Nguyen Hoang', N'Dam', 0, CAST(N'1973-11-28T00:00:00.000' AS DateTime), N'10A5', NULL, NULL)
INSERT [dbo].[DSHS] ([MAHS], [HO], [TEN], [NU], [NGAYSINH], [MALOP], [GHICHU], [XEPLOAI]) VALUES (N'00695', N'Do Thi', N'Thuy', 1, CAST(N'1975-08-19T00:00:00.000' AS DateTime), N'10A5', NULL, NULL)
INSERT [dbo].[DSHS] ([MAHS], [HO], [TEN], [NU], [NGAYSINH], [MALOP], [GHICHU], [XEPLOAI]) VALUES (N'00696', N'Nguyen Van', N'Son', 0, CAST(N'1974-09-14T00:00:00.000' AS DateTime), N'10A5', NULL, NULL)
INSERT [dbo].[DSHS] ([MAHS], [HO], [TEN], [NU], [NGAYSINH], [MALOP], [GHICHU], [XEPLOAI]) VALUES (N'00700', N'Le Van', N'Dong', 0, CAST(N'1974-12-01T00:00:00.000' AS DateTime), N'10A5', NULL, NULL)
INSERT [dbo].[DSHS] ([MAHS], [HO], [TEN], [NU], [NGAYSINH], [MALOP], [GHICHU], [XEPLOAI]) VALUES (N'00701', N'Pham Van', N'Xia', 0, CAST(N'1974-12-09T00:00:00.000' AS DateTime), N'10A5', NULL, NULL)
INSERT [dbo].[DSHS] ([MAHS], [HO], [TEN], [NU], [NGAYSINH], [MALOP], [GHICHU], [XEPLOAI]) VALUES (N'00702', N'Nguyen Thi Anh', N'Hong', 1, CAST(N'1975-07-04T00:00:00.000' AS DateTime), N'10A5', N'Học sinh nữ xuất sắc', NULL)
INSERT [dbo].[DSHS] ([MAHS], [HO], [TEN], [NU], [NGAYSINH], [MALOP], [GHICHU], [XEPLOAI]) VALUES (N'00706', N'Nguyen Thi', N'Hoa', 1, CAST(N'1974-11-30T00:00:00.000' AS DateTime), N'10A5', NULL, NULL)
INSERT [dbo].[DSHS] ([MAHS], [HO], [TEN], [NU], [NGAYSINH], [MALOP], [GHICHU], [XEPLOAI]) VALUES (N'00707', N'Vu Van', N'An', 0, CAST(N'1975-02-02T00:00:00.000' AS DateTime), N'10A5', NULL, NULL)
INSERT [dbo].[DSHS] ([MAHS], [HO], [TEN], [NU], [NGAYSINH], [MALOP], [GHICHU], [XEPLOAI]) VALUES (N'00708', N'Nguyen Van', N'Dam', 0, CAST(N'1974-09-28T00:00:00.000' AS DateTime), N'10A5', NULL, NULL)
INSERT [dbo].[DSHS] ([MAHS], [HO], [TEN], [NU], [NGAYSINH], [MALOP], [GHICHU], [XEPLOAI]) VALUES (N'00712', N'Nguyen Van', N'Thanh', 0, CAST(N'1974-11-15T00:00:00.000' AS DateTime), N'10A5', NULL, NULL)
INSERT [dbo].[DSHS] ([MAHS], [HO], [TEN], [NU], [NGAYSINH], [MALOP], [GHICHU], [XEPLOAI]) VALUES (N'00713', N'Bui Van', N'Thanh', 0, CAST(N'1975-08-14T00:00:00.000' AS DateTime), N'10A5', NULL, NULL)
INSERT [dbo].[DSHS] ([MAHS], [HO], [TEN], [NU], [NGAYSINH], [MALOP], [GHICHU], [XEPLOAI]) VALUES (N'00714', N'Le Huu', N'Chi', 0, CAST(N'1973-10-09T00:00:00.000' AS DateTime), N'10A5', NULL, NULL)
INSERT [dbo].[DSHS] ([MAHS], [HO], [TEN], [NU], [NGAYSINH], [MALOP], [GHICHU], [XEPLOAI]) VALUES (N'00718', N'Dinh Hai', N'Nam', 0, CAST(N'1973-12-27T00:00:00.000' AS DateTime), N'10A5', NULL, NULL)
INSERT [dbo].[DSHS] ([MAHS], [HO], [TEN], [NU], [NGAYSINH], [MALOP], [GHICHU], [XEPLOAI]) VALUES (N'00719', N'Pham Thi', N'Thom', 1, CAST(N'1975-07-04T00:00:00.000' AS DateTime), N'10A5', NULL, NULL)
INSERT [dbo].[DSHS] ([MAHS], [HO], [TEN], [NU], [NGAYSINH], [MALOP], [GHICHU], [XEPLOAI]) VALUES (N'00720', N'Pham Minh', N'Thuoc', 0, CAST(N'1974-10-04T00:00:00.000' AS DateTime), N'10A5', NULL, NULL)
INSERT [dbo].[DSHS] ([MAHS], [HO], [TEN], [NU], [NGAYSINH], [MALOP], [GHICHU], [XEPLOAI]) VALUES (N'00724', N'Pham Van', N'Luyen', 0, CAST(N'1975-04-13T00:00:00.000' AS DateTime), N'10A5', NULL, NULL)
INSERT [dbo].[DSHS] ([MAHS], [HO], [TEN], [NU], [NGAYSINH], [MALOP], [GHICHU], [XEPLOAI]) VALUES (N'00725', N'Huynh Van', N'On', 0, CAST(N'1975-04-18T00:00:00.000' AS DateTime), N'10A5', NULL, NULL)
INSERT [dbo].[DSHS] ([MAHS], [HO], [TEN], [NU], [NGAYSINH], [MALOP], [GHICHU], [XEPLOAI]) VALUES (N'00726', N'Luu Tien', N'Si', 0, CAST(N'1974-03-15T00:00:00.000' AS DateTime), N'10A5', NULL, NULL)
INSERT [dbo].[DSHS] ([MAHS], [HO], [TEN], [NU], [NGAYSINH], [MALOP], [GHICHU], [XEPLOAI]) VALUES (N'00730', N'Nguyen Dinh', N'Du', 0, CAST(N'1975-04-10T00:00:00.000' AS DateTime), N'10A5', NULL, NULL)
INSERT [dbo].[DSHS] ([MAHS], [HO], [TEN], [NU], [NGAYSINH], [MALOP], [GHICHU], [XEPLOAI]) VALUES (N'00731', N'Le Minh', N'Vung', 0, CAST(N'1974-10-30T00:00:00.000' AS DateTime), N'10A5', NULL, NULL)
INSERT [dbo].[DSHS] ([MAHS], [HO], [TEN], [NU], [NGAYSINH], [MALOP], [GHICHU], [XEPLOAI]) VALUES (N'00732', N'Nguyen Cong', N'Danh', 0, CAST(N'1974-12-18T00:00:00.000' AS DateTime), N'10A5', NULL, NULL)
INSERT [dbo].[DSHS] ([MAHS], [HO], [TEN], [NU], [NGAYSINH], [MALOP], [GHICHU], [XEPLOAI]) VALUES (N'00736', N'Do Phuong', N'Nam', 0, CAST(N'1975-01-03T00:00:00.000' AS DateTime), N'10A5', NULL, NULL)
INSERT [dbo].[DSHS] ([MAHS], [HO], [TEN], [NU], [NGAYSINH], [MALOP], [GHICHU], [XEPLOAI]) VALUES (N'00737', N'Truong Kieu', N'Oanh', 1, CAST(N'1975-09-16T00:00:00.000' AS DateTime), N'10A5', NULL, NULL)
INSERT [dbo].[DSHS] ([MAHS], [HO], [TEN], [NU], [NGAYSINH], [MALOP], [GHICHU], [XEPLOAI]) VALUES (N'00738', N'Vo Phong', N'Luu', 0, CAST(N'1973-10-17T00:00:00.000' AS DateTime), N'10A5', NULL, NULL)
INSERT [dbo].[DSHS] ([MAHS], [HO], [TEN], [NU], [NGAYSINH], [MALOP], [GHICHU], [XEPLOAI]) VALUES (N'00742', N'Pham Thi', N'Ty', 1, CAST(N'1975-11-27T00:00:00.000' AS DateTime), N'10A5', NULL, NULL)
INSERT [dbo].[DSHS] ([MAHS], [HO], [TEN], [NU], [NGAYSINH], [MALOP], [GHICHU], [XEPLOAI]) VALUES (N'00743', N'Huynh Phan', N'Khoi', 0, CAST(N'1974-05-24T00:00:00.000' AS DateTime), N'10A5', NULL, NULL)
INSERT [dbo].[DSHS] ([MAHS], [HO], [TEN], [NU], [NGAYSINH], [MALOP], [GHICHU], [XEPLOAI]) VALUES (N'00744', N'Nguyen Thi', N'La', 1, CAST(N'1975-04-13T00:00:00.000' AS DateTime), N'10A5', NULL, NULL)
INSERT [dbo].[DSHS] ([MAHS], [HO], [TEN], [NU], [NGAYSINH], [MALOP], [GHICHU], [XEPLOAI]) VALUES (N'00748', N'Tran My', N'Thanh', 1, CAST(N'1974-10-09T00:00:00.000' AS DateTime), N'10A5', NULL, NULL)
INSERT [dbo].[DSHS] ([MAHS], [HO], [TEN], [NU], [NGAYSINH], [MALOP], [GHICHU], [XEPLOAI]) VALUES (N'00749', N'Than Thi', N'Soan', 1, CAST(N'1974-06-25T00:00:00.000' AS DateTime), N'10A5', NULL, NULL)
INSERT [dbo].[DSHS] ([MAHS], [HO], [TEN], [NU], [NGAYSINH], [MALOP], [GHICHU], [XEPLOAI]) VALUES (N'00750', N'Pham Van', N'Trung', 1, CAST(N'1975-04-11T00:00:00.000' AS DateTime), N'10A5', NULL, NULL)
INSERT [dbo].[DSHS] ([MAHS], [HO], [TEN], [NU], [NGAYSINH], [MALOP], [GHICHU], [XEPLOAI]) VALUES (N'00754', N'Pham Van', N'Hoang', 0, CAST(N'1975-10-29T00:00:00.000' AS DateTime), N'10A5', NULL, NULL)
INSERT [dbo].[DSHS] ([MAHS], [HO], [TEN], [NU], [NGAYSINH], [MALOP], [GHICHU], [XEPLOAI]) VALUES (N'00755', N'Nguyen Thi', N'Nhung', 1, CAST(N'1974-11-02T00:00:00.000' AS DateTime), N'10A5', NULL, NULL)
INSERT [dbo].[DSHS] ([MAHS], [HO], [TEN], [NU], [NGAYSINH], [MALOP], [GHICHU], [XEPLOAI]) VALUES (N'00756', N'Lu Van', N'Trieu', 0, CAST(N'1975-10-26T00:00:00.000' AS DateTime), N'10A5', NULL, NULL)
INSERT [dbo].[DSHS] ([MAHS], [HO], [TEN], [NU], [NGAYSINH], [MALOP], [GHICHU], [XEPLOAI]) VALUES (N'00762', N'Lu Ngoc', N'Da', 0, CAST(N'1974-12-31T00:00:00.000' AS DateTime), N'10A4', NULL, NULL)
INSERT [dbo].[DSHS] ([MAHS], [HO], [TEN], [NU], [NGAYSINH], [MALOP], [GHICHU], [XEPLOAI]) VALUES (N'00763', N'Nguyen Thi', N'Lan', 1, CAST(N'1973-11-14T00:00:00.000' AS DateTime), N'10A4', NULL, NULL)
INSERT [dbo].[DSHS] ([MAHS], [HO], [TEN], [NU], [NGAYSINH], [MALOP], [GHICHU], [XEPLOAI]) VALUES (N'00764', N'Nguyen Phuoc', N'Hai', 0, CAST(N'1974-10-06T00:00:00.000' AS DateTime), N'10A4', NULL, NULL)
INSERT [dbo].[DSHS] ([MAHS], [HO], [TEN], [NU], [NGAYSINH], [MALOP], [GHICHU], [XEPLOAI]) VALUES (N'00768', N'Thang Thi', N'Sang', 1, CAST(N'1975-02-07T00:00:00.000' AS DateTime), N'10A4', NULL, NULL)
INSERT [dbo].[DSHS] ([MAHS], [HO], [TEN], [NU], [NGAYSINH], [MALOP], [GHICHU], [XEPLOAI]) VALUES (N'00769', N'Nguyen Thi', N'Dinh', 1, CAST(N'1974-05-20T00:00:00.000' AS DateTime), N'10A4', NULL, NULL)
INSERT [dbo].[DSHS] ([MAHS], [HO], [TEN], [NU], [NGAYSINH], [MALOP], [GHICHU], [XEPLOAI]) VALUES (N'00770', N'Nguyen Thi', N'Hong', 1, CAST(N'1974-08-30T00:00:00.000' AS DateTime), N'10A4', NULL, NULL)
GO
INSERT [dbo].[DSHS] ([MAHS], [HO], [TEN], [NU], [NGAYSINH], [MALOP], [GHICHU], [XEPLOAI]) VALUES (N'00774', N'Nguyen Hong', N'Hoa', 1, CAST(N'1974-12-16T00:00:00.000' AS DateTime), N'10A4', NULL, NULL)
INSERT [dbo].[DSHS] ([MAHS], [HO], [TEN], [NU], [NGAYSINH], [MALOP], [GHICHU], [XEPLOAI]) VALUES (N'00775', N'tran van', N'Phuong', 0, CAST(N'1975-10-18T00:00:00.000' AS DateTime), N'10A4', NULL, NULL)
INSERT [dbo].[DSHS] ([MAHS], [HO], [TEN], [NU], [NGAYSINH], [MALOP], [GHICHU], [XEPLOAI]) VALUES (N'00776', N'Vo Van', N'Dung', 0, CAST(N'1974-08-24T00:00:00.000' AS DateTime), N'10A4', NULL, NULL)
INSERT [dbo].[DSHS] ([MAHS], [HO], [TEN], [NU], [NGAYSINH], [MALOP], [GHICHU], [XEPLOAI]) VALUES (N'00780', N'Tran Van', N'Minh', 0, CAST(N'1975-07-13T00:00:00.000' AS DateTime), N'10A4', NULL, NULL)
INSERT [dbo].[DSHS] ([MAHS], [HO], [TEN], [NU], [NGAYSINH], [MALOP], [GHICHU], [XEPLOAI]) VALUES (N'00781', N'Tran Thi', N'Thai', 1, CAST(N'1975-03-01T00:00:00.000' AS DateTime), N'10A4', NULL, NULL)
INSERT [dbo].[DSHS] ([MAHS], [HO], [TEN], [NU], [NGAYSINH], [MALOP], [GHICHU], [XEPLOAI]) VALUES (N'00782', N'Huynh Thi', N'Luyen', 1, CAST(N'1975-04-13T00:00:00.000' AS DateTime), N'10A4', NULL, NULL)
INSERT [dbo].[DSHS] ([MAHS], [HO], [TEN], [NU], [NGAYSINH], [MALOP], [GHICHU], [XEPLOAI]) VALUES (N'00786', N'Le Van', N'Khoai', 0, CAST(N'1975-08-30T00:00:00.000' AS DateTime), N'10A4', NULL, NULL)
INSERT [dbo].[DSHS] ([MAHS], [HO], [TEN], [NU], [NGAYSINH], [MALOP], [GHICHU], [XEPLOAI]) VALUES (N'00787', N'Thach', N'Vuong', 0, CAST(N'1975-10-01T00:00:00.000' AS DateTime), N'10A4', NULL, NULL)
INSERT [dbo].[DSHS] ([MAHS], [HO], [TEN], [NU], [NGAYSINH], [MALOP], [GHICHU], [XEPLOAI]) VALUES (N'00788', N'Trinh Viet', N'Bui', 0, CAST(N'1975-12-08T00:00:00.000' AS DateTime), N'10A4', NULL, NULL)
INSERT [dbo].[DSHS] ([MAHS], [HO], [TEN], [NU], [NGAYSINH], [MALOP], [GHICHU], [XEPLOAI]) VALUES (N'00792', N'Nguyen Van', N'a', 0, CAST(N'1975-07-30T00:00:00.000' AS DateTime), N'10A4', NULL, NULL)
INSERT [dbo].[DSHS] ([MAHS], [HO], [TEN], [NU], [NGAYSINH], [MALOP], [GHICHU], [XEPLOAI]) VALUES (N'00793', N'Ngo Luu', N'Luyen', 0, CAST(N'1975-08-27T00:00:00.000' AS DateTime), N'10A4', NULL, NULL)
INSERT [dbo].[DSHS] ([MAHS], [HO], [TEN], [NU], [NGAYSINH], [MALOP], [GHICHU], [XEPLOAI]) VALUES (N'00794', N'Ly Dai', N'Nghia', 0, CAST(N'1975-08-10T00:00:00.000' AS DateTime), N'10A4', NULL, NULL)
INSERT [dbo].[DSHS] ([MAHS], [HO], [TEN], [NU], [NGAYSINH], [MALOP], [GHICHU], [XEPLOAI]) VALUES (N'00798', N'Nguyen Thanh', N'Trung', 0, CAST(N'1975-12-09T00:00:00.000' AS DateTime), N'10A4', NULL, NULL)
INSERT [dbo].[DSHS] ([MAHS], [HO], [TEN], [NU], [NGAYSINH], [MALOP], [GHICHU], [XEPLOAI]) VALUES (N'00799', N'Pham Van', N'Sum', 0, CAST(N'1974-11-04T00:00:00.000' AS DateTime), N'10A4', NULL, NULL)
INSERT [dbo].[DSHS] ([MAHS], [HO], [TEN], [NU], [NGAYSINH], [MALOP], [GHICHU], [XEPLOAI]) VALUES (N'00800', N'Lam Thi Cam', N'Van', 1, CAST(N'1974-05-04T00:00:00.000' AS DateTime), N'10A4', NULL, NULL)
INSERT [dbo].[DSHS] ([MAHS], [HO], [TEN], [NU], [NGAYSINH], [MALOP], [GHICHU], [XEPLOAI]) VALUES (N'00804', N'Lam Thi', N'Nau', 1, CAST(N'1975-09-29T00:00:00.000' AS DateTime), N'10A4', NULL, NULL)
INSERT [dbo].[DSHS] ([MAHS], [HO], [TEN], [NU], [NGAYSINH], [MALOP], [GHICHU], [XEPLOAI]) VALUES (N'00805', N'Le Thi', N'Long', 1, CAST(N'1973-11-03T00:00:00.000' AS DateTime), N'10A4', NULL, NULL)
INSERT [dbo].[DSHS] ([MAHS], [HO], [TEN], [NU], [NGAYSINH], [MALOP], [GHICHU], [XEPLOAI]) VALUES (N'00806', N'Pham Van', N'Ky', 0, CAST(N'1975-08-02T00:00:00.000' AS DateTime), N'10A4', NULL, NULL)
INSERT [dbo].[DSHS] ([MAHS], [HO], [TEN], [NU], [NGAYSINH], [MALOP], [GHICHU], [XEPLOAI]) VALUES (N'00810', N'Tran Thu', N'Oanh', 1, CAST(N'1975-02-06T00:00:00.000' AS DateTime), N'10A4', NULL, NULL)
INSERT [dbo].[DSHS] ([MAHS], [HO], [TEN], [NU], [NGAYSINH], [MALOP], [GHICHU], [XEPLOAI]) VALUES (N'00811', N'Bui Thu', N'Mien', 1, CAST(N'1974-06-10T00:00:00.000' AS DateTime), N'10A4', NULL, NULL)
INSERT [dbo].[DSHS] ([MAHS], [HO], [TEN], [NU], [NGAYSINH], [MALOP], [GHICHU], [XEPLOAI]) VALUES (N'00812', N'Truong Quoc', N'Khoi', 0, CAST(N'1974-09-17T00:00:00.000' AS DateTime), N'10A4', NULL, NULL)
INSERT [dbo].[DSHS] ([MAHS], [HO], [TEN], [NU], [NGAYSINH], [MALOP], [GHICHU], [XEPLOAI]) VALUES (N'00816', N'Le Ngoc', N'Thuan', 1, CAST(N'1975-10-10T00:00:00.000' AS DateTime), N'10A4', NULL, NULL)
INSERT [dbo].[DSHS] ([MAHS], [HO], [TEN], [NU], [NGAYSINH], [MALOP], [GHICHU], [XEPLOAI]) VALUES (N'00817', N'Nguyen Thi Hien', N'A', 1, CAST(N'1975-10-18T00:00:00.000' AS DateTime), N'10A4', NULL, NULL)
INSERT [dbo].[DSHS] ([MAHS], [HO], [TEN], [NU], [NGAYSINH], [MALOP], [GHICHU], [XEPLOAI]) VALUES (N'00818', N'Vo Thanh', N'Binh', 0, CAST(N'1975-06-15T00:00:00.000' AS DateTime), N'10A4', NULL, NULL)
INSERT [dbo].[DSHS] ([MAHS], [HO], [TEN], [NU], [NGAYSINH], [MALOP], [GHICHU], [XEPLOAI]) VALUES (N'00822', N'Nguyen Thi', N'Thao', 1, CAST(N'1974-02-01T00:00:00.000' AS DateTime), N'10A4', NULL, NULL)
INSERT [dbo].[DSHS] ([MAHS], [HO], [TEN], [NU], [NGAYSINH], [MALOP], [GHICHU], [XEPLOAI]) VALUES (N'00823', N'Vo Kim', N'Yen', 1, CAST(N'1974-12-18T00:00:00.000' AS DateTime), N'10A4', NULL, NULL)
INSERT [dbo].[DSHS] ([MAHS], [HO], [TEN], [NU], [NGAYSINH], [MALOP], [GHICHU], [XEPLOAI]) VALUES (N'00824', N'dang Chi', N'Tinh', 1, CAST(N'1974-02-01T00:00:00.000' AS DateTime), N'10A4', NULL, NULL)
INSERT [dbo].[DSHS] ([MAHS], [HO], [TEN], [NU], [NGAYSINH], [MALOP], [GHICHU], [XEPLOAI]) VALUES (N'00828', N'Tran Thi My', N'A', 1, CAST(N'1975-08-21T00:00:00.000' AS DateTime), N'10A4', NULL, NULL)
INSERT [dbo].[DSHS] ([MAHS], [HO], [TEN], [NU], [NGAYSINH], [MALOP], [GHICHU], [XEPLOAI]) VALUES (N'00829', N'Tran Van', N'Son', 0, CAST(N'1974-07-22T00:00:00.000' AS DateTime), N'10A4', NULL, NULL)
INSERT [dbo].[DSHS] ([MAHS], [HO], [TEN], [NU], [NGAYSINH], [MALOP], [GHICHU], [XEPLOAI]) VALUES (N'00830', N'Hua Thanh', N'Cong', 0, CAST(N'1975-02-02T00:00:00.000' AS DateTime), N'10A4', NULL, NULL)
INSERT [dbo].[DSHS] ([MAHS], [HO], [TEN], [NU], [NGAYSINH], [MALOP], [GHICHU], [XEPLOAI]) VALUES (N'00834', N'Nguyen Thi', N'ut', 1, CAST(N'1975-10-02T00:00:00.000' AS DateTime), N'10A4', NULL, NULL)
INSERT [dbo].[DSHS] ([MAHS], [HO], [TEN], [NU], [NGAYSINH], [MALOP], [GHICHU], [XEPLOAI]) VALUES (N'00835', N'Nguyen Van', N'Hai', 0, CAST(N'1974-05-11T00:00:00.000' AS DateTime), N'10A4', NULL, NULL)
INSERT [dbo].[DSHS] ([MAHS], [HO], [TEN], [NU], [NGAYSINH], [MALOP], [GHICHU], [XEPLOAI]) VALUES (N'00836', N'Tran Van', N'Chieu', 0, CAST(N'1975-07-04T00:00:00.000' AS DateTime), N'10A4', NULL, NULL)
INSERT [dbo].[DSHS] ([MAHS], [HO], [TEN], [NU], [NGAYSINH], [MALOP], [GHICHU], [XEPLOAI]) VALUES (N'00839', N'Nguyen Thanh', N'Lam', 0, CAST(N'1975-03-26T00:00:00.000' AS DateTime), N'10F1', NULL, NULL)
INSERT [dbo].[DSHS] ([MAHS], [HO], [TEN], [NU], [NGAYSINH], [MALOP], [GHICHU], [XEPLOAI]) VALUES (N'00840', N'Pham Van', N'Cam', 0, CAST(N'1974-10-08T00:00:00.000' AS DateTime), N'10F1', NULL, NULL)
INSERT [dbo].[DSHS] ([MAHS], [HO], [TEN], [NU], [NGAYSINH], [MALOP], [GHICHU], [XEPLOAI]) VALUES (N'00841', N'Nguyen Quang', N'Dung', 0, CAST(N'1975-05-23T00:00:00.000' AS DateTime), N'10F1', NULL, NULL)
INSERT [dbo].[DSHS] ([MAHS], [HO], [TEN], [NU], [NGAYSINH], [MALOP], [GHICHU], [XEPLOAI]) VALUES (N'00845', N'Nguyen Van', N'Doan', 0, CAST(N'1974-10-17T00:00:00.000' AS DateTime), N'10F1', NULL, NULL)
INSERT [dbo].[DSHS] ([MAHS], [HO], [TEN], [NU], [NGAYSINH], [MALOP], [GHICHU], [XEPLOAI]) VALUES (N'00846', N'Le Hong', N'Phuong', 0, CAST(N'1974-12-18T00:00:00.000' AS DateTime), N'10F1', NULL, NULL)
INSERT [dbo].[DSHS] ([MAHS], [HO], [TEN], [NU], [NGAYSINH], [MALOP], [GHICHU], [XEPLOAI]) VALUES (N'00847', N'Cao Van', N'Lau', 0, CAST(N'1975-01-08T00:00:00.000' AS DateTime), N'10F1', NULL, NULL)
INSERT [dbo].[DSHS] ([MAHS], [HO], [TEN], [NU], [NGAYSINH], [MALOP], [GHICHU], [XEPLOAI]) VALUES (N'00851', N'Nguyen Van', N'Ngan', 0, CAST(N'1974-08-08T00:00:00.000' AS DateTime), N'10F1', NULL, NULL)
INSERT [dbo].[DSHS] ([MAHS], [HO], [TEN], [NU], [NGAYSINH], [MALOP], [GHICHU], [XEPLOAI]) VALUES (N'00852', N'Pham Hong', N'Chung', 0, CAST(N'1974-05-21T00:00:00.000' AS DateTime), N'10F1', NULL, NULL)
INSERT [dbo].[DSHS] ([MAHS], [HO], [TEN], [NU], [NGAYSINH], [MALOP], [GHICHU], [XEPLOAI]) VALUES (N'00853', N'Tran Van', N'Nhi', 0, CAST(N'1974-05-07T00:00:00.000' AS DateTime), N'10F1', NULL, NULL)
INSERT [dbo].[DSHS] ([MAHS], [HO], [TEN], [NU], [NGAYSINH], [MALOP], [GHICHU], [XEPLOAI]) VALUES (N'00857', N'Ton Van', N'Vum', 0, CAST(N'1975-04-08T00:00:00.000' AS DateTime), N'10F1', NULL, NULL)
INSERT [dbo].[DSHS] ([MAHS], [HO], [TEN], [NU], [NGAYSINH], [MALOP], [GHICHU], [XEPLOAI]) VALUES (N'00858', N'Tran Thien', N'Chon', 0, CAST(N'1974-10-09T00:00:00.000' AS DateTime), N'10F1', NULL, NULL)
INSERT [dbo].[DSHS] ([MAHS], [HO], [TEN], [NU], [NGAYSINH], [MALOP], [GHICHU], [XEPLOAI]) VALUES (N'00859', N'Phan Van', N'Hon', 0, CAST(N'1974-12-18T00:00:00.000' AS DateTime), N'10F1', NULL, NULL)
INSERT [dbo].[DSHS] ([MAHS], [HO], [TEN], [NU], [NGAYSINH], [MALOP], [GHICHU], [XEPLOAI]) VALUES (N'00863', N'Nguyen van', N'Khoi', 0, CAST(N'1974-09-08T00:00:00.000' AS DateTime), N'10F1', NULL, NULL)
INSERT [dbo].[DSHS] ([MAHS], [HO], [TEN], [NU], [NGAYSINH], [MALOP], [GHICHU], [XEPLOAI]) VALUES (N'00864', N'Ho Van', N'Canh', 0, CAST(N'1975-07-23T00:00:00.000' AS DateTime), N'10F1', NULL, NULL)
INSERT [dbo].[DSHS] ([MAHS], [HO], [TEN], [NU], [NGAYSINH], [MALOP], [GHICHU], [XEPLOAI]) VALUES (N'00865', N'Cao Van', N'Trung', 0, CAST(N'1975-12-04T00:00:00.000' AS DateTime), N'10F1', NULL, NULL)
INSERT [dbo].[DSHS] ([MAHS], [HO], [TEN], [NU], [NGAYSINH], [MALOP], [GHICHU], [XEPLOAI]) VALUES (N'00869', N'Le Van', N'Loi', 0, CAST(N'1974-12-18T00:00:00.000' AS DateTime), N'10F1', NULL, NULL)
INSERT [dbo].[DSHS] ([MAHS], [HO], [TEN], [NU], [NGAYSINH], [MALOP], [GHICHU], [XEPLOAI]) VALUES (N'00870', N'Nguyen Thi', N'Ha', 1, CAST(N'1975-10-29T00:00:00.000' AS DateTime), N'10F1', NULL, NULL)
INSERT [dbo].[DSHS] ([MAHS], [HO], [TEN], [NU], [NGAYSINH], [MALOP], [GHICHU], [XEPLOAI]) VALUES (N'00871', N'Tran Van', N'Tuan', 0, CAST(N'1974-12-22T00:00:00.000' AS DateTime), N'10F1', NULL, NULL)
INSERT [dbo].[DSHS] ([MAHS], [HO], [TEN], [NU], [NGAYSINH], [MALOP], [GHICHU], [XEPLOAI]) VALUES (N'00875', N'Phan Van', N'Hon', 0, CAST(N'1973-12-11T00:00:00.000' AS DateTime), N'10F1', NULL, NULL)
INSERT [dbo].[DSHS] ([MAHS], [HO], [TEN], [NU], [NGAYSINH], [MALOP], [GHICHU], [XEPLOAI]) VALUES (N'00876', N'Phan anh', N'Sang', 0, CAST(N'1974-03-10T00:00:00.000' AS DateTime), N'10F1', NULL, NULL)
INSERT [dbo].[DSHS] ([MAHS], [HO], [TEN], [NU], [NGAYSINH], [MALOP], [GHICHU], [XEPLOAI]) VALUES (N'00877', N'Le Phuoc', N'Hoa', 0, CAST(N'1974-08-13T00:00:00.000' AS DateTime), N'10F1', NULL, NULL)
INSERT [dbo].[DSHS] ([MAHS], [HO], [TEN], [NU], [NGAYSINH], [MALOP], [GHICHU], [XEPLOAI]) VALUES (N'00881', N'Dinh Phu', N'Hung', 0, CAST(N'1974-02-02T00:00:00.000' AS DateTime), N'10F1', NULL, NULL)
INSERT [dbo].[DSHS] ([MAHS], [HO], [TEN], [NU], [NGAYSINH], [MALOP], [GHICHU], [XEPLOAI]) VALUES (N'00882', N'Tran Van', N'Toan', 0, CAST(N'1973-07-02T00:00:00.000' AS DateTime), N'10F1', NULL, NULL)
INSERT [dbo].[DSHS] ([MAHS], [HO], [TEN], [NU], [NGAYSINH], [MALOP], [GHICHU], [XEPLOAI]) VALUES (N'00883', N'Nguyen Thi', N'Thoi', 1, CAST(N'1975-01-16T00:00:00.000' AS DateTime), N'10F1', NULL, NULL)
INSERT [dbo].[DSHS] ([MAHS], [HO], [TEN], [NU], [NGAYSINH], [MALOP], [GHICHU], [XEPLOAI]) VALUES (N'00887', N'Tran Le', N'Nga', 1, CAST(N'1973-11-29T00:00:00.000' AS DateTime), N'10F1', NULL, NULL)
INSERT [dbo].[DSHS] ([MAHS], [HO], [TEN], [NU], [NGAYSINH], [MALOP], [GHICHU], [XEPLOAI]) VALUES (N'00892', N'Nguyen Thi', N'Chat', 1, CAST(N'1975-01-09T00:00:00.000' AS DateTime), N'10F2', NULL, NULL)
INSERT [dbo].[DSHS] ([MAHS], [HO], [TEN], [NU], [NGAYSINH], [MALOP], [GHICHU], [XEPLOAI]) VALUES (N'00893', N'Vo Hong', N'Tuyet', 1, CAST(N'1974-01-25T00:00:00.000' AS DateTime), N'10F2', NULL, NULL)
INSERT [dbo].[DSHS] ([MAHS], [HO], [TEN], [NU], [NGAYSINH], [MALOP], [GHICHU], [XEPLOAI]) VALUES (N'00898', N'Nguyen Thi', N'Huong', 1, CAST(N'1974-04-06T00:00:00.000' AS DateTime), N'10F2', NULL, NULL)
INSERT [dbo].[DSHS] ([MAHS], [HO], [TEN], [NU], [NGAYSINH], [MALOP], [GHICHU], [XEPLOAI]) VALUES (N'00899', N'Hoang Thi', N'Loan', 1, CAST(N'1974-02-25T00:00:00.000' AS DateTime), N'10F2', NULL, NULL)
INSERT [dbo].[DSHS] ([MAHS], [HO], [TEN], [NU], [NGAYSINH], [MALOP], [GHICHU], [XEPLOAI]) VALUES (N'00904', N'Phan My', N'Thien', 0, CAST(N'1974-12-18T00:00:00.000' AS DateTime), N'10F2', NULL, NULL)
INSERT [dbo].[DSHS] ([MAHS], [HO], [TEN], [NU], [NGAYSINH], [MALOP], [GHICHU], [XEPLOAI]) VALUES (N'00905', N'Nguyen Thi Thuy', N'Tien', 1, CAST(N'1974-07-11T00:00:00.000' AS DateTime), N'10F2', NULL, NULL)
INSERT [dbo].[DSHS] ([MAHS], [HO], [TEN], [NU], [NGAYSINH], [MALOP], [GHICHU], [XEPLOAI]) VALUES (N'00910', N'Vuong Cong', N'Hon', 0, CAST(N'1974-09-20T00:00:00.000' AS DateTime), N'10F2', NULL, NULL)
INSERT [dbo].[DSHS] ([MAHS], [HO], [TEN], [NU], [NGAYSINH], [MALOP], [GHICHU], [XEPLOAI]) VALUES (N'00911', N'Tang Thi', N'Tinh', 1, CAST(N'1974-11-05T00:00:00.000' AS DateTime), N'10F2', NULL, NULL)
INSERT [dbo].[DSHS] ([MAHS], [HO], [TEN], [NU], [NGAYSINH], [MALOP], [GHICHU], [XEPLOAI]) VALUES (N'00916', N'Ta Ngoc', N'Dieu', 0, CAST(N'1974-08-16T00:00:00.000' AS DateTime), N'10F2', NULL, NULL)
INSERT [dbo].[DSHS] ([MAHS], [HO], [TEN], [NU], [NGAYSINH], [MALOP], [GHICHU], [XEPLOAI]) VALUES (N'00917', N'La Tu', N'Thanh', 0, CAST(N'1975-07-19T00:00:00.000' AS DateTime), N'10F2', NULL, NULL)
INSERT [dbo].[DSHS] ([MAHS], [HO], [TEN], [NU], [NGAYSINH], [MALOP], [GHICHU], [XEPLOAI]) VALUES (N'00922', N'Nguyen Duc', N'Hien', 0, CAST(N'1975-04-21T00:00:00.000' AS DateTime), N'10F2', NULL, NULL)
INSERT [dbo].[DSHS] ([MAHS], [HO], [TEN], [NU], [NGAYSINH], [MALOP], [GHICHU], [XEPLOAI]) VALUES (N'00923', N'Nguyen Duc', N'Hong', 0, CAST(N'1975-04-24T00:00:00.000' AS DateTime), N'10F2', NULL, NULL)
INSERT [dbo].[DSHS] ([MAHS], [HO], [TEN], [NU], [NGAYSINH], [MALOP], [GHICHU], [XEPLOAI]) VALUES (N'00928', N'Nguyen Minh', N'Nhut', 0, CAST(N'1973-08-11T00:00:00.000' AS DateTime), N'10F2', NULL, NULL)
INSERT [dbo].[DSHS] ([MAHS], [HO], [TEN], [NU], [NGAYSINH], [MALOP], [GHICHU], [XEPLOAI]) VALUES (N'00929', N'Pham Hung', N'Phuoc', 0, CAST(N'1974-12-24T00:00:00.000' AS DateTime), N'10F2', NULL, NULL)
INSERT [dbo].[DSHS] ([MAHS], [HO], [TEN], [NU], [NGAYSINH], [MALOP], [GHICHU], [XEPLOAI]) VALUES (N'00935', N'Le Van', N'Nhieu', 0, CAST(N'1975-06-12T00:00:00.000' AS DateTime), N'10F2', NULL, NULL)
INSERT [dbo].[DSHS] ([MAHS], [HO], [TEN], [NU], [NGAYSINH], [MALOP], [GHICHU], [XEPLOAI]) VALUES (N'00936', N'Nguyen Thi', N'Diep', 1, CAST(N'1974-06-28T00:00:00.000' AS DateTime), N'10F2', NULL, NULL)
INSERT [dbo].[DSHS] ([MAHS], [HO], [TEN], [NU], [NGAYSINH], [MALOP], [GHICHU], [XEPLOAI]) VALUES (N'00940', N'Dao Nguyet', N'Ai', 0, CAST(N'1975-03-16T00:00:00.000' AS DateTime), N'10F2', NULL, NULL)
INSERT [dbo].[DSHS] ([MAHS], [HO], [TEN], [NU], [NGAYSINH], [MALOP], [GHICHU], [XEPLOAI]) VALUES (N'00944', N'Nguyen Thanh', N'Hai', 0, CAST(N'1974-12-09T00:00:00.000' AS DateTime), N'10F2', NULL, NULL)
INSERT [dbo].[DSHS] ([MAHS], [HO], [TEN], [NU], [NGAYSINH], [MALOP], [GHICHU], [XEPLOAI]) VALUES (N'00945', N'Dao Hoang', N'Giang', 0, CAST(N'1975-04-23T00:00:00.000' AS DateTime), N'10F2', NULL, NULL)
INSERT [dbo].[DSHS] ([MAHS], [HO], [TEN], [NU], [NGAYSINH], [MALOP], [GHICHU], [XEPLOAI]) VALUES (N'00946', N'Lam Hoang', N'Nen', 0, CAST(N'1975-06-08T00:00:00.000' AS DateTime), N'10F2', NULL, NULL)
INSERT [dbo].[DSHS] ([MAHS], [HO], [TEN], [NU], [NGAYSINH], [MALOP], [GHICHU], [XEPLOAI]) VALUES (N'00950', N'Vo Van', N'ut', 0, CAST(N'1974-12-29T00:00:00.000' AS DateTime), N'10F2', NULL, NULL)
INSERT [dbo].[DSHS] ([MAHS], [HO], [TEN], [NU], [NGAYSINH], [MALOP], [GHICHU], [XEPLOAI]) VALUES (N'00951', N'Dao Thanh', N'Xuan', 0, CAST(N'1974-01-01T00:00:00.000' AS DateTime), N'10F2', NULL, NULL)
INSERT [dbo].[DSHS] ([MAHS], [HO], [TEN], [NU], [NGAYSINH], [MALOP], [GHICHU], [XEPLOAI]) VALUES (N'00956', N'Mai Ngoc', N'Bich', 1, CAST(N'1974-10-10T00:00:00.000' AS DateTime), N'10F2', NULL, NULL)
INSERT [dbo].[DSHS] ([MAHS], [HO], [TEN], [NU], [NGAYSINH], [MALOP], [GHICHU], [XEPLOAI]) VALUES (N'00957', N'Pham Thu', N'Han', 1, CAST(N'1975-12-06T00:00:00.000' AS DateTime), N'10F2', NULL, NULL)
INSERT [dbo].[DSHS] ([MAHS], [HO], [TEN], [NU], [NGAYSINH], [MALOP], [GHICHU], [XEPLOAI]) VALUES (N'00962', N'Phan Huy', N'Hung', 0, CAST(N'1974-02-05T00:00:00.000' AS DateTime), N'10F2', NULL, NULL)
INSERT [dbo].[DSHS] ([MAHS], [HO], [TEN], [NU], [NGAYSINH], [MALOP], [GHICHU], [XEPLOAI]) VALUES (N'00963', N'Nguyen Phuoc', N'Lam', 0, CAST(N'1973-11-07T00:00:00.000' AS DateTime), N'10F2', NULL, NULL)
INSERT [dbo].[DSHS] ([MAHS], [HO], [TEN], [NU], [NGAYSINH], [MALOP], [GHICHU], [XEPLOAI]) VALUES (N'00968', N'Dao Minh', N'Than', 0, CAST(N'1975-04-23T00:00:00.000' AS DateTime), N'10F2', NULL, NULL)
INSERT [dbo].[DSHS] ([MAHS], [HO], [TEN], [NU], [NGAYSINH], [MALOP], [GHICHU], [XEPLOAI]) VALUES (N'00969', N'Le Van', N'Dung', 0, CAST(N'1974-12-05T00:00:00.000' AS DateTime), N'10F2', NULL, NULL)
INSERT [dbo].[DSHS] ([MAHS], [HO], [TEN], [NU], [NGAYSINH], [MALOP], [GHICHU], [XEPLOAI]) VALUES (N'00974', N'Tran Viet', N'Hong', 0, CAST(N'1975-04-09T00:00:00.000' AS DateTime), N'10F2', NULL, NULL)
INSERT [dbo].[DSHS] ([MAHS], [HO], [TEN], [NU], [NGAYSINH], [MALOP], [GHICHU], [XEPLOAI]) VALUES (N'00975', N'Nguyen Thanh', N'Hao', 0, CAST(N'1975-07-22T00:00:00.000' AS DateTime), N'10F2', NULL, NULL)
INSERT [dbo].[DSHS] ([MAHS], [HO], [TEN], [NU], [NGAYSINH], [MALOP], [GHICHU], [XEPLOAI]) VALUES (N'00980', N'Nguyen Kim', N'Loan', 1, CAST(N'1974-02-21T00:00:00.000' AS DateTime), N'10F2', NULL, NULL)
INSERT [dbo].[DSHS] ([MAHS], [HO], [TEN], [NU], [NGAYSINH], [MALOP], [GHICHU], [XEPLOAI]) VALUES (N'00981', N'Son Thu', N'Ha', 1, CAST(N'1975-08-27T00:00:00.000' AS DateTime), N'10F2', NULL, NULL)
INSERT [dbo].[DSHS] ([MAHS], [HO], [TEN], [NU], [NGAYSINH], [MALOP], [GHICHU], [XEPLOAI]) VALUES (N'00986', N'Do Binh', N'An', 0, CAST(N'1974-10-06T00:00:00.000' AS DateTime), N'10F2', NULL, NULL)
INSERT [dbo].[DSHS] ([MAHS], [HO], [TEN], [NU], [NGAYSINH], [MALOP], [GHICHU], [XEPLOAI]) VALUES (N'00987', N'Do Tien', N'Truoi', 0, CAST(N'1974-11-08T00:00:00.000' AS DateTime), N'10F2', NULL, NULL)
INSERT [dbo].[DSHS] ([MAHS], [HO], [TEN], [NU], [NGAYSINH], [MALOP], [GHICHU], [XEPLOAI]) VALUES (N'00992', N'Nguyen Cong', N'Truong', 0, CAST(N'1975-08-13T00:00:00.000' AS DateTime), N'10F2', NULL, NULL)
INSERT [dbo].[DSHS] ([MAHS], [HO], [TEN], [NU], [NGAYSINH], [MALOP], [GHICHU], [XEPLOAI]) VALUES (N'00993', N'Tri''nh Khac', N'Trung', 0, CAST(N'1975-09-25T00:00:00.000' AS DateTime), N'10F2', NULL, NULL)
INSERT [dbo].[DSHS] ([MAHS], [HO], [TEN], [NU], [NGAYSINH], [MALOP], [GHICHU], [XEPLOAI]) VALUES (N'00998', N'Tran Tuyet', N'anh', 1, CAST(N'1973-06-19T00:00:00.000' AS DateTime), N'10F2', NULL, NULL)
INSERT [dbo].[DSHS] ([MAHS], [HO], [TEN], [NU], [NGAYSINH], [MALOP], [GHICHU], [XEPLOAI]) VALUES (N'00999', N'To Minh', N'Chen', 0, CAST(N'1975-01-22T00:00:00.000' AS DateTime), N'10F2', NULL, NULL)
INSERT [dbo].[DSHS] ([MAHS], [HO], [TEN], [NU], [NGAYSINH], [MALOP], [GHICHU], [XEPLOAI]) VALUES (N'01004', N'Chau Quoc', N'Viet', 0, CAST(N'1974-11-01T00:00:00.000' AS DateTime), N'10F2', NULL, NULL)
INSERT [dbo].[DSHS] ([MAHS], [HO], [TEN], [NU], [NGAYSINH], [MALOP], [GHICHU], [XEPLOAI]) VALUES (N'01005', N'Vo Minh', N'Dien', 0, CAST(N'1975-05-07T00:00:00.000' AS DateTime), N'10F2', NULL, NULL)
INSERT [dbo].[DSHS] ([MAHS], [HO], [TEN], [NU], [NGAYSINH], [MALOP], [GHICHU], [XEPLOAI]) VALUES (N'07777', N'Vương Toàn', N'Đạt', 0, CAST(N'2000-01-01T00:00:00.000' AS DateTime), N'10N1', NULL, NULL)
INSERT [dbo].[DSHS] ([MAHS], [HO], [TEN], [NU], [NGAYSINH], [MALOP], [GHICHU], [XEPLOAI]) VALUES (N'08888', N'Lê Thị Lan', N'Phương', 0, CAST(N'2000-01-01T00:00:00.000' AS DateTime), N'10A1', NULL, NULL)
GO
INSERT [dbo].[DSHS] ([MAHS], [HO], [TEN], [NU], [NGAYSINH], [MALOP], [GHICHU], [XEPLOAI]) VALUES (N'09999', N'Nguyễn Kim', N'Sao', 0, CAST(N'2000-01-01T00:00:00.000' AS DateTime), N'10A1', NULL, NULL)
INSERT [dbo].[DSHS] ([MAHS], [HO], [TEN], [NU], [NGAYSINH], [MALOP], [GHICHU], [XEPLOAI]) VALUES (N'11111', N'Trần Trung', N'Dũng', 0, CAST(N'1999-12-12T00:00:00.000' AS DateTime), N'10F2', NULL, NULL)
INSERT [dbo].[DSHS] ([MAHS], [HO], [TEN], [NU], [NGAYSINH], [MALOP], [GHICHU], [XEPLOAI]) VALUES (N'12121', N'Phan Hoàng', N'Nam', 0, CAST(N'2000-01-01T00:00:00.000' AS DateTime), N'10A1', NULL, NULL)
INSERT [dbo].[DSHS] ([MAHS], [HO], [TEN], [NU], [NGAYSINH], [MALOP], [GHICHU], [XEPLOAI]) VALUES (N'12122', N'Lưu Quang ', N'Châu', 0, CAST(N'2000-01-01T00:00:00.000' AS DateTime), N'10A1', NULL, NULL)
INSERT [dbo].[DSHS] ([MAHS], [HO], [TEN], [NU], [NGAYSINH], [MALOP], [GHICHU], [XEPLOAI]) VALUES (N'12345', N'Lê Quang', N'Thọ', 0, CAST(N'2000-01-01T00:00:00.000' AS DateTime), N'10N1', NULL, NULL)
INSERT [dbo].[DSHS] ([MAHS], [HO], [TEN], [NU], [NGAYSINH], [MALOP], [GHICHU], [XEPLOAI]) VALUES (N'21104', N'Nguyen Van', N'Nam', 1, CAST(N'2000-10-21T00:00:00.000' AS DateTime), N'10F1', NULL, NULL)
INSERT [dbo].[DSHS] ([MAHS], [HO], [TEN], [NU], [NGAYSINH], [MALOP], [GHICHU], [XEPLOAI]) VALUES (N'21105', N'Vu Trong', N'Phung', 0, CAST(N'1993-10-20T00:00:00.000' AS DateTime), N'10F1', NULL, NULL)
INSERT [dbo].[DSHS] ([MAHS], [HO], [TEN], [NU], [NGAYSINH], [MALOP], [GHICHU], [XEPLOAI]) VALUES (N'23423', N'Nguyen Thi', N'Thu Hoa', 1, CAST(N'1996-12-01T00:00:00.000' AS DateTime), N'10A1', NULL, NULL)
INSERT [dbo].[DSHS] ([MAHS], [HO], [TEN], [NU], [NGAYSINH], [MALOP], [GHICHU], [XEPLOAI]) VALUES (N'23523', N'Nguyen Thi', N'Thu Hoa', 1, CAST(N'1996-12-01T00:00:00.000' AS DateTime), N'10C1', NULL, NULL)
INSERT [dbo].[DSHS] ([MAHS], [HO], [TEN], [NU], [NGAYSINH], [MALOP], [GHICHU], [XEPLOAI]) VALUES (N'98988', N'Nguyễn Kim ', N'Sao', 0, CAST(N'2000-01-01T00:00:00.000' AS DateTime), N'10A2', NULL, NULL)
INSERT [dbo].[DSHS] ([MAHS], [HO], [TEN], [NU], [NGAYSINH], [MALOP], [GHICHU], [XEPLOAI]) VALUES (N'ab123', N'Nguyen', N'Son', 0, NULL, N'10A1', NULL, NULL)
INSERT [dbo].[DSHS] ([MAHS], [HO], [TEN], [NU], [NGAYSINH], [MALOP], [GHICHU], [XEPLOAI]) VALUES (N'ab124', N'Nguyen', N'Son', 0, NULL, N'10A1', NULL, NULL)
INSERT [dbo].[DSHS] ([MAHS], [HO], [TEN], [NU], [NGAYSINH], [MALOP], [GHICHU], [XEPLOAI]) VALUES (N'ab125', N'Nguyen', N'Son', 0, NULL, N'10A2', NULL, NULL)
GO
INSERT [dbo].[LOP] ([MALOP], [GVCN]) VALUES (N'10A1', N'Nguyễn Thanh Nhàn')
INSERT [dbo].[LOP] ([MALOP], [GVCN]) VALUES (N'10A2', N'Lê Văn Hiển')
INSERT [dbo].[LOP] ([MALOP], [GVCN]) VALUES (N'10A3', N'Nguyễn Thị Bé')
INSERT [dbo].[LOP] ([MALOP], [GVCN]) VALUES (N'10A4', N'Trần Văn Bình')
INSERT [dbo].[LOP] ([MALOP], [GVCN]) VALUES (N'10A5', N'Bùi Thị Băng Ngân')
INSERT [dbo].[LOP] ([MALOP], [GVCN]) VALUES (N'10C1', N'Nguyễn Trí Tuệ')
INSERT [dbo].[LOP] ([MALOP], [GVCN]) VALUES (N'10F1', N'Võ Hoàng')
INSERT [dbo].[LOP] ([MALOP], [GVCN]) VALUES (N'10F2', N'Lê Thị Mai Thi')
INSERT [dbo].[LOP] ([MALOP], [GVCN]) VALUES (N'10N1', N'Phan Văn Trí Dũng')
GO
